ID,TITLE
160019,روانکاو
160023,روانشناس
160027,روانپزشک
160065,معماری
160067,کاغذدیواری
160069,کاغذ
160073,تزیینات
160077,تزئینات
160079,معمار
160081,مهندسی
160083,فروش و نصب کاغذ دیواری
160085,دکوراسیون ساختمان
160091,تلفن
160095,تجهیزات مخابرات
160097,فروش تلفن
160099,نصب تلفن
160101,فروش و نصب تلفن و تجهیزات مخابراتی
160108,دوخت
160110,دوز
160112,فروش لوازم دوخت و دوز
160136,جراح
160138,جراحی
160143,جراح عمومی
160145,پزشک جراح عمومی
160163,قطعات یدکی
160165,قطعه یدکی
160167,لوازم یدکی
160170,موتورسیکلت
160172,فروش لوازم یدکی موتورسیکلت
160189,بازرگانی لوازم خانگی
160198,رویه کوبی
160203,پیراهن مبل
160205,رویه کوبی مبل
160219,اتحادیه
160221,انجمن
160223,تعاونی
160225,اتحادیه - انجمن - تعاونی
160241,ابزار
160246,تست مکانیکی
160249,سیستم صنعتی
160251,کنترل سیستم
160253,ابزاردقیق
160255,کنترل سیستم صنعتی
160257,کالیبراسیون
160259,ابزار دقیق: تست مکانیکی
160285,سوپاپ تراشی
160287,سوپاپ
160328,توریستی
160332,خدمات توریستی
160334,خدمات مسافرتی
160336,مسافرت
160342,تورمسافرتی
160344,گردشگری
160347,خدمات گردشگری
160349,سفر
160474,حفاظت الکترونیکی
160476,سیستم امنیتی
160479,سیستم حفاظتی
160481,سیستم امنیتی و حفاظت الکترونیکی
160483,فروش سیستم امنیتی و حفاظت الکترونیکی
160512,تکایا
160514,تکیه
160516,مذهبی
160518,مساجد
160520,مسجد
160523,اماکن مذهبی
161635,شیشه بری
161641,سخت افزار
161645,قطعه سخت افزار
161654,فروش کامپیوتر
161656,تجهیزات جانبی کامپیوتر
161658,فروش تجهیزات کامپیوتر
161660,فروش قطعات سخت افزاری کامپیوتر
161662,فروش تجهیزات جانبی کامپیوتر
161685,دیوار
161687,پیش ساخته
161689,آکوستیک
161692,سقف
161694,سقف کاذب
161696,عایق
161698,عایق صوتی
161701,دیوار پیش ساخته
161703,آکوستیک و سقف کاذب
161717,اماکن ورزشی
161719,باشگاه
161722,باشگاه ورزشی
161747,رینگ
161749,لاستیک
161751,فروش لاستیک و رینگ
162733,سیم
162736,کابل
162738,سیم، کابل
162768,فروش تجهیزات کابینت
162774,صافکار
162778,نقاشی
162780,صافکاری و نقاشی
162789,ابزارفروشی
162794,ابزاربرقی
162796,فروش و تعمیر ابزار برقی
162799,انتشارات
162819,انیمیشن
162821,طراحی
162823,طراحی کامپیوتری
162825,Domain
162827,Hosting
162829,ثبت دامنه
162831,دامنه
162833,میزبانی
162835,میزبانی وب
162837,web hosting
162839,ثبت دامنه و میزبانی وب
162870,نگارخانه
162936,لوازم آشپزخانه
162938,فروش لوازم آشپزخانه
162945,فروش خودرو
162947,نمایندگی مجاز
162949,فروش اتومبیل
162955,نمایندگی اتومبیل
162957,نمایندگی مجاز اتومبیل
162964,طلاسازی
162973,پلیمر
162975,پلیمر صنایع
162977,صنایع پلیمر
163042,پزشکی
163046,لوازم پزشکی
163048,تجهیزات پزشکی
163050,فروش تجهیزات پزشکی
163052,فروش لوازم پزشکی
163054,فروش تجهیزات و لوازم پزشکی، جراحی، بیمارستانی
163089,بازرگانی ابزار صنعتی
163097,یکبارمصرف
163099,فروش ظروف یکبار مصرف
163110,رب
163112,رب گوجه فرنگی
163114,تولید و پخش رب گوجه فرنگی
163120,جوش
163124,دستگاه جوشکاری
163126,دستگاه جوش
163130,الکترود جوشکاری
163507,تعمیر لوازم صوتی و تصویری
163510,بتن
163512,بتن ساز
163516,تولید دستگاه بتن ساز
163519,عکاسی
163522,لوازم عکاسی
163524,تجهیزات عکاسی
163526,فروش و واردات لوازم عکاسی
163530,دندانساز
163537,باطری
163539,باتری ماشین
163541,باطری ماشین
163543,باطری اتومبیل
163545,باتری خودرو
163547,باطری خودرو
163549,باتری اتومبیل
163560,ترمیمی
163571,جراح پلاستیک
163573,پزشک جراح پلاستیک
159594,کابینت
159596,کابینت سازی
159598,تخت
159600,کمد
159602,تولید و فروش صنایع چوبی
159604,تولید و فروش کابینت
159606,تخت و کمد
159620,اطلاع رسانی
159623,سیستم اطلاعاتی
159630,آژانس
159632,املاک
159634,بنگاه
159636,بنگاه معاملات
159638,مسکن
159640,معاملات ملکی
159642,معاملات املاک
159644,مشاوراملاک
159669,رنگ
159671,فروش رنگ
159673,فروش رنگ ساختمانی و صنعتی
159684,کفش
159690,تولیدکفش
159692,فروش کفش
159699,برق صنعتی
159701,تجهیزات
159703,تعمیر
159707,صنعتی
159712,فروش تجهیزات برق صنعتی و ساختمانی
159754,داروخانه
159756,دراگ استور
159760,داروخانه و دراگ استور
159776,شرکت
159778,شرکت ساختمانی
159809,دکور
159811,دکوراسیون
159813,مبل
159815,مبلمان
159817,فروش مبلمان و دکوراسیون
159844,تریکو
159846,تریکوبافی
159878,آرایش
159880,آرایشگاه
159882,آرایشگر
159886,اصلاح
159888,سالن
159890,سالن زیبایی
159894,پریکور
159896,آرایشگاه بانوان
159898,آرایش بانوان
159900,آرایشگاه و سالن زیبایی بانوان
159925,موادغذایی
159928,فروش موادغذایی
159932,بنکداری
159934,فروش عمده مواد غذایی
159953,روسری
159955,مانتو
159957,فروش مانتو
159984,آجیل
159986,خشکبار
159988,فروش آجیل و خشکبار
163575,پزشک فوق تخصص جراحی پلاستیک، ترمیمی و زیبایی
163698,خدمات مشترکین
163705,امورمشترکین
163707,خدمات ارتباطی
163709,دفتر خدمات ارتباطی
163745,خدمات فنی
163751,خدمات فنی تاسیسات
163753,دفاترخدمات فنی
163755,دفترخدمات فنی
163757,دفتر خدمات فنی تاسیسات
163770,فنر
163772,کمک فنر
163774,فروش کمک فنر
163777,سنگ
163785,فروش و نصب سنگ ساختمانی و تزیینی
163792,ماشین آلات سنگین
163794,فروش لوازم یدکی ماشین آلات سنگین
163808,دخترانه
163810,راهنمایی
163812,راهنمایی تحصیلی
163816,غیرانتفاعی
163818,مدارس
163820,مدرسه
163843,پزشکی قانونی
163847,پزشک پزشکی قانونی
163851,ماشین اداری
163853,ماشین محاسباتی
163855,فروش ماشین محاسباتی
163857,فروش ماشین اداری
163901,پلاک
163903,کلیشه
163905,گراور
163907,مهر
163909,پلاک سازی
163911,مهر و پلاک
163926,تالار
164195,جوراب
164197,فروش جوراب
164202,اگزوز
164204,اگزوزسازی
164215,باسکول
164217,ترازو
164219,فروش و تعمیر باسکول و ترازو
164240,ظروفچی
164243,ظروف کرایه
164271,ابتدایی
164273,پسرانه
164275,دبستان
164278,مدارس دولتی
164281,مدرسه دولتی
164283,دبستان پسرانه دولتی
164287,بزاز
164289,بزازی
164291,پارچه
164293,فروش پارچه
164297,جاجیم
164299,گلیم
164301,گلیم و جاجیم
164314,آسانسور
164316,بالابر
164318,تجهیزات آسانسور
164320,تجهیزات بالابر
164322,قطعات بالابر
164324,قطعات آسانسور
164326,قطعه آسانسور
164328,قطعه بالابر
164337,بیمه ایران
164339,نمایندگی بیمه ایران
164369,زانو
164383,تولید و پخش تجهیزات و لوازم پزشکی، جراحی، بیمارستانی
164548,درمانگاه تخصصی پوست و مو
164614,تجارت
164618,تجارت اینترنتی
164620,فروشگاه اینترنتی
164635,لوازم نظافتی
164637,لوازم نظافتی ساختمان
164640,بلور
164642,کریستال
164644,فروش بلور و کریستال
164667,سرمایه گذاری
164669,مشاور سرمایه گذاری
164672,خارجی
164676,غذاهای خارجی
164678,غذای خارجی
164680,رستوران غذاهای خارجی
164683,صندوق
164685,صندوق نسوز
164687,گاوصندوق
164740,Phone
164742,Phone To Phone
164744,اینترنت
164748,internet
164750,کارت تلفن اینترنتی
164828,آژانس موتوری
164830,پیک
164832,پیک خصوصی
164834,پیک موتوری
164934,کولر
164937,فروش کولر
164939,نصب کولر
164941,تعمیرکولر
164963,کشاورزی
164965,محصولات کشاورزی
164972,بازرگانی میوه و تره بار
164995,کتابخانه
165063,خدمات نظافتی
165065,نماشویی
165067,کفسابی
165069,کف سابی
165107,اجناس عتیقه
165109,اشیا قدیمی
165111,عتیقه
165113,عتیقه جات
165137,پلی پروپیلن
159160,فدراسیون
159162,ورزش
159164,ورزشی
159166,وزارت
159168,فدراسیون ورزشی
159170,وزارت ورزش و جوانان
159181,کامپیوتر
159183,خدمات کامپیوتر
159191,لباس
159193,لباس زیر
159195,فروش لباس زیر
159200,سیسمونی
159202,لوازم کودک
159204,پوشاک کودک
159206,فروش سیسمونی
159212,آمپلی فایر
159214,اکو
159216,کرایه
159218,کرایه اکو و آمپلی فایر
159225,پوشاک
159227,تولید و پخش پوشاک
159236,پوشاک مردانه
159238,فروش پوشاک مردانه
159242,قصابی
159244,گوشت
159248,دندانپزشک
159262,پرورش
159264,پرورش گل
159266,گل خانه
159268,گلخانه
159270,پرورش گیاه
159272,گل خانه و پرورش گل
159278,پزشک
159280,تخصص
159282,زایمان
159284,زنان
159287,متخصص
159289,پزشک متخصص زنان و زایمان
159295,تراشکار
159299,قالبسازی
159303,چاپ
159305,صحافی
159307,لیتوگرافی
159309,نشر
159311,ماشین آلات
159315,تراشکاری و قالب سازی
159317,ماشین آلات چاپ و نشر
159327,اپوکسی
159329,روکش
159331,روکش صنعتی
159333,الکترونیک
159335,برق
159337,دیزل
159340,ژنراتور
159342,فروش
159344,موتور
159346,فروش ژنراتور
159348,اپوکسی و روکش صنعتی
159350,فروش دیزل ژنراتور، ژنراتور و موتور برق
159362,بیماری
159366,پوست
159369,زیبایی
159372,مو
159374,پزشک متخصص بیماری های پوست، مو و زیبایی
159396,دیزی
159398,دیزی سرا
159400,رستوران
159402,قهوه خانه
159404,قهوه خانه و دیزی سرا
159411,اغذیه
159413,پیتزا
159416,پیتزا و اغذیه
159442,فرش
159444,قالی
159446,فروش فرش و قالی
159463,پرینت
159465,پلات
159471,زیراکس
159473,فتوکپی
159475,دفترفنی
159477,دفاترفنی
159487,صادرات
159489,واردات
159491,لوازم دندانسازی
159497,لوازم دندانپزشکی
159506,بازرگانی تجهیزات دندان پزشکی
159532,خواروبار
159534,خواروبارفروشی
159545,بازرگانی
159548,عینک
159551,بازرگانی عینک
159558,آموزش
159560,آموزشگاه
159562,قرآن
159564,آموزش قرآن
163152,بلبرینگ
163154,کاسه نمد
163157,فروش بلبرینگ و کاسه نمد اتومبیل
163163,موبایل
163165,همراه
163167,فروش تلفن همراه
163171,تعمیرتلفن همراه
163173,تعمیرموبایل
163177,فروش موبایل
163179,گوشی
163183,فروش و تعمیر تلفن همراه
163191,تبلیغات
163195,شرکت تبلیغاتی
163197,تولید
163199,غرفه
163201,نمایشگاه
163203,تبلیغات نمایشگاهی
163205,CD
163207,CD خام
163209,لوح فشرده
163211,سی دی
163213,طراحی و چاپ
163215,آژانس و شرکت تبلیغاتی
163217,چاپ و تولید انبوه CD
163237,موسسه های مالی اعتباری
163239,موسسه مالی و اعتباری
163257,بین المللی
163273,کتاب
163275,پخش کتاب
163284,پزشک عمومی
163286,دکترعمومی
163297,هدایا
163299,هدیه
163303,تولید و پخش ظروف یکبار مصرف
163305,هدیه تبلیغاتی
163308,عروسی
163312,کارت پستال
163314,کارت تبریک
163316,کارت عروسی و تبریک
163363,تولیدموادغذایی
163428,نخ
163430,نساجی
163432,فروش نخ
163438,قطعات الکترونیک
163440,لوازم الکترونیک
163442,فروش قطعات الکترونیک
163585,ماشین آلات ساختمانی
163587,نقلیه
163589,نقلیه سنگین
163595,وسیله نقلیه
163601,وسیله نقلیه سنگین
163603,لوازم تزیینی
163605,لوازم و قطعات یدکی وسایل نقلیه سنگین
163633,فروش لوازم صوتی و تصویری
163640,دیگ بخار
163643,دارو
163647,عطار
163649,عطاری
163651,گیاهان دارویی
163653,داروگیاهی
163658,پوشاک ورزشی
163662,لوازم ورزشی
163666,فروش لوازم و پوشاک ورزشی
163722,انتقال نیرو
163724,دکل
163726,نیرو
163730,دکل مخابرات
163732,پایه فلزی
163734,چراغ
163736,روشنایی
163738,دکل انتقال نیرو
163740,تولید پایه فلزی چراغ روشنایی
165142,آجرنما
165149,ایزوگام
165151,نسوز
165153,آجرنسوز
165155,لوله و اتصالات پلی پروپیلن و پلی اتیلن
165159,فروش لوله و اتصالات
165180,گل فروشی
160631,اسناد
160642,اسنادرسمی
160644,ثبت اسنادرسمی
160646,دفتراسنادرسمی
160652,دفتراسناد
160654,دفترخانه
160722,جواهر
160724,جواهرات
160726,زیورآلات
160730,طلا
160732,فروش طلا و جواهرات
160794,جراحی محدود
160796,درمانگاه
160798,سرپایی
160801,کلینیک
160803,درمانگاه تخصصی
160805,کلینیک تخصصی
160807,سر پایی
160809,آزمایشگاه
160811,تشخیص پزشکی
160813,تشخیص طبی
160815,طبی
160817,درمانگاه جراحی محدود و سرپایی
160819,آزمایشگاه تشخیص پزشکی
160853,شومینه
160885,ارتوپد
160889,استخوان
160896,مفاصل
160898,پزشک ارتوپد و جراح استخوان و مفاصل
160924,حج
160927,زیارت
160929,کاروان
160941,هوایی
160943,کاروان حج و زیارت
160958,کمربند
160961,کیف
160964,فروش کیف
160966,فروش کیف و کفش
160999,موادشیمیایی
161003,فروش موادشیمیایی
161046,سردخانه
161048,سردخانه متحرک
161050,فروش سردخانه
161169,پرچ
161171,پیچ
161173,مهره
161175,میخ
161177,یراق
161179,فروش پیچ و مهره و میخ و پرچ
161252,حفاری
161255,ماشین آلات معدنی
161300,روزنامه
161303,نشریات
161305,نشریه
161307,هفته نامه
161309,دو هفته نامه
161311,ماهنامه
161317,دو ماهنامه
161319,فصلنامه
161325,سالنامه
161327,دو سالنامه
161344,بانک
161346,صندوق قرض الحسنه
161348,قرض الحسنه
161352,بانکها
161355,صندوقهای قرض الحسنه
161427,آب
161429,آبیاری
161431,زهکشی
161437,لوازم آبرسانی
161441,آبرسانی
161443,تجهیزات و لوازم آبرسانی و آبیاری و زه کشی
161450,ارتودنسی
161456,ارتودنتیست
161458,دندان پزشک متخصص ارتودنسی
161473,پنجره
161475,پنجره چوبی
161477,در
161479,درب
161481,در چوبی
161483,درچوبی
161485,درب چوبی
161571,بوتیک
161574,فروش پوشاک
161606,زیبایی بانوان
161609,آموزش آرایش بانوان
161803,ابزارصنعتی
161805,فروش ابزارصنعتی
161825,چمدان
161827,ساک
161830,فروش کیف و چمدان
161881,درب اتوماتیک
161883,در اتوماتیک
161885,دراتوماتیک
161900,سوپرمارکت
161902,سوپر
161913,تاکسی
161915,تاکسی سرویس
161918,درون شهری
161921,کرایه اتومبیل
161945,پوشاک بچه گانه
161947,پوشاک بچه
161949,فروش پوشاک بچه گانه
163981,ترخیص کالا
163983,خدمات گمرکی
163985,کالا
163987,گمرک
163996,امانت فروشی
163998,حق العمل کاری
164000,حق العمل کاری و امانت فروشی
164014,ارز
164016,سکه
164018,صرافی
164027,صنایع چوب
164029,صنایع فلز
164031,صنایع چوب و فلز
164038,تولیدلوازم خانگی
164040,آقایان
164042,خیاطی
164044,خیاطی آقایان
164048,سفره خانه
164052,پرده
164054,دوخت پرده
164056,فروش پرده
164058,نصب پرده
164060,دوخت، فروش و نصب پرده
164067,وزارتخانه
164069,قوه مجریه
164071,وزارت امور اقتصادی و دارایی
164124,چلوکبابی
164127,کبابی
164136,داخلی
164140,پزشک متخصص داخلی
164146,اندام مصنوعی
164148,توانبخشی
164150,لوازم ارتوپدی
164152,مصنوعی
164154,لوازم توانبخشی
164156,تجهیزات ارتوپدی
164158,تجهیزات توانبخشی
164406,نمایشگاه اتومبیل
164417,چشم پزشک
164432,گل
164434,گل مصنوعی
164439,پوشاک زنانه
164441,فروش پوشاک زنانه
164447,دندان
164449,فک
164467,دهان
164469,رادیولوژی
164471,رادیولوژیست
164473,رادیولوژی دهان و دندان
164503,حمل و نقل ریلی
164505,فروش بلیط
164507,قطار
164516,دفتر فروش بلیط قطار
164527,شیرینی
164529,شیرینی پزی
164533,قنادی
164590,بازرگانی مواد شیمیایی
164696,پمپ
164700,پمپ شناور
164712,تاسیسات ساختمان
164715,استخر
164717,استخرسازی
164719,جکوزی
164721,سونا
164725,تجهیزات استخر، سونا و جکوزی
164727,پمپ فشارقوی
164732,فروش و تعمیر الکتروموتور
164821,تجهیزات تراشکاری
164823,ماشین آلات تراشکاری و قالب سازی
161953,استرابیسم
161955,اکولوپلاستیک
161959,چشم
161961,فوق تخصص
161964,چشم پزشک استرابیسم و اکولوپلاستیک
161986,معماری داخلی
161989,E. N. T
161991,ENT
161993,بینی
161999,حلق
162001,سر
162005,گلو
162007,گوش
162010,پزشک متخصص گوش، گلو، بینی و جراحی سر و گردن
162013,ادارات
162015,اداره
162017,سازمان
162019,سازمان ها
162021,مناطق و نواحی شهرداری
162053,آموزش عالی
162055,دانشگاه
162065,مراکزآموزش عالی
162067,مرکزآموزش عالی
162069,مرکزآموزش
162071,مراکزآموزش
162081,ظرف
162083,ظروف
162085,ظروف آلومینیومی
162087,فروش ظروف آلومینیومی
162101,تجهیزات مداربسته
162106,مداربسته
162113,فروش تجهیزات مداربسته
162150,پاک کننده
162152,پاک کننده صنعتی
162154,شوینده
162156,شوینده صنعتی
162158,پاک کننده و شوینده صنعتی
162160,فروش پاک کننده و شوینده
162164,بیماری لثه
162166,پریودنتیکس
162170,لثه
162174,دندان پزشک بیماری های لثه
162179,اتومبیل
162184,فروش لوازم یدکی
162186,فروش قطعات یدکی
162188,فروش لوازم و قطعات یدکی اتومبیل
162193,فیلتر
162197,تولیدفیلتر
162208,فایبرگلاس
162214,قطعه فایبرگلاس
162220,مصنوعات فایبرگلاس
162224,تریلر
162226,خانه پیش ساخته
162229,کانتینر
162231,کانکس
162233,کانتینر و کاروان
162239,خدمات پوشاک
162245,تسمه
162247,تسمه فنی
162255,تجهیزات الکتریکی
162257,لوازم الکتریکی
162259,فروش و تعمیر تجهیزات الکتریکی
162273,آشپز
162275,آشپزخانه
162277,آشپزی
162281,تهیه خوراک
162284,کیترینگ
162286,کترینگ
162288,خدمات مجالس
162290,مجالس
162292,مراسم
162294,برگزاری سمینار
162296,سمینار
162298,تهیه غذا (کیترینگ)
162329,غذا
162331,نان
162333,نان فانتزی
162368,سنگ بری
162385,بانک خارجی
162390,موسسات مالی
162392,موسسه اعتباری
162396,بانکهای خارجی
162405,هواکش
162407,هواکش خانگی
162409,تاسیسات
162411,هواکش صنعتی
162418,بدنساز
162426,باشگاه بدنسازی
162431,نیروگاه
162433,نیروگاه سازی
162447,اتوماسیون
162449,اتوماسیون صنعتی
162457,آجیل پزی
162460,تولید و پخش آجیل و خشکبار
162481,آهن
162485,فروش آهن
162490,آهنگر
162492,آهنگری
162494,فولاد
162498,coffee net
162500,کافی نت
162522,ساختمان
162524,مشارکت
162543,باتری
162545,باتری سازی
162547,برقکار
162551,باتری سازی و برقکاری اتومبیل
162556,بازی
162559,اسباب بازی
162561,فروش اسباب بازی
162563,فروش و واردات اسباب بازی
162572,لوله
162574,پلی اتیلن
162576,تولید لوله و اتصالات
162579,لوله و اتصالات پلی اتیلن
162587,عینک سازی
162593,حوله
162595,تولید حوله
162608,آتش
162613,حریق
162616,نصب
162618,آتش نشانی
162626,اطفاحریق
162628,سیستم اعلام و اطفا حریق
162630,فروش و نصب و تعمیر سیستم اعلام و اطفا حریق
162635,اعصاب
162640,مغز
162642,نورولوژی
162644,متخصص مغز و اعصاب
162646,پزشک مغز و اعصاب
162668,بیمه
162670,مشاور
162689,تعمیرگاه
162691,تعمیرگاه مجاز
162699,تعمیرگاه مجاز موتورسیکلت
162704,مرغ
162706,مرغ فروشی
162710,آبزی
162712,آبزیان
162715,ماهی
162717,میگو
162719,فرآورده گوشتی
162721,ماهی، میگو و سایر آبزیان
162723,گوشت و فرآورده های گوشتی
163223,تخم مرغ
163321,پخش
163330,تولید تجهیزات برق صنعتی و ساختمانی
163333,تاسیسات برق
163347,لوازم مهندسی
163349,فروش لوازم التحریر
163351,نوشت افزار
163353,لوازم التحریر
163414,حسابدار
163420,خدمات مالی
163422,مالی
163424,ارزش افزوده
163426,حسابداری و حسابرسی و مشاوره مالیاتی و خدمات مالی
163452,پلی کلینیک
163467,ساعت
163469,ساعت سازی
163478,تره بار
163480,میوه
163482,فروش میوه و تره بار
163494,برق گیر
163496,صاعقه گیر
163498,صاعقه گیر الکترونیکی
163503,تصویری
163505,صوتی
165582,آرایشی
165586,ریش
165588,ریش تراش
165590,ماشین ریش تراش
166121,جعبه سازی
166130,چاپ و جعبه سازی
166160,پنجره آلومینیومی
166165,درب آلومینیومی
166167,درآلومینیومی
166169,در آلومینیومی
166171,درب و پنجره آلومینیومی
166199,GIS
166201,اطلاعات جغرافیایی
166203,جغرافیایی
166205,فراغت
166207,اوقات فراغت
166209,مراکز تفریحی
166873,تعمیرلباسشویی
167096,بالانس
167098,بالانس چرخ
167102,تعویض
167106,تعویض روغن
167108,تعویض روغنی و آپاراتی
167190,صفحات وب
167193,وب
167196,web design
167198,multimedia
167201,نرم افزار
167203,مولتی مدیا
167208,چندرسانه ای
167210,طراحی صفحات وب
167212,نرم افزار چندرسانه ای (مولتی مدیا)
167323,تولید و پخش تجهیزات الکتریکی
167581,تولید و پخش جوراب
168175,رادیاتور
168177,رادیاتورسازی
169182,ماشین آلات پلاستیک سازی
169209,پودر
169221,فروش پودر پروتیینی
169396,تاسیسات صنعتی
169547,GPS
169549,ردیابی
169551,سیستم ردیابی
169553,سیستم ردیابی و GPS
169555,سیستم ردیابی و جی پی اس
169619,مرکز انتظام
169623,حفاظتی مراقبتی
169820,کشتی
169824,کشتیرانی
169881,فرش ماشینی
169883,موکت
169885,فروش فرش ماشینی
169920,ادکلن
169922,ادوکلن
169925,عطر
169931,ادکلن و عطر
169943,تعمیرماشین محاسباتی
169945,تعمیرماشین اداری
170913,وبلاگ نویس
171015,قطعات و سیستم الکترونیک و مخابرات
171030,مرکزمخابراتی
171032,مراکزمخابراتی
171105,آمادگی
171112,پیش دبستان دولتی
171114,آمادگی دولتی
171116,پیش دبستان
171139,طراحی طلا و جواهرات
171175,تفلون
171177,نوار
171179,نوار تفلون
171191,استیل
171194,فروش لوله و اتصالات استیل
171231,پیمانکاران
171233,پیمانکار پروژه
171238,پیمانکار تاسیسات و تجهیزات
171365,پاتوبیولوژی
171367,پاتولوژی
171372,آسیب شناسی
171374,پزشک آسیب شناسی
171611,تفریحی
171613,فرهنگی
171616,مجموعه ورزشی تفریحی
171618,ورزشگاه
171621,مجموعه فرهنگی، ورزشی و تفریحی
171649,تولیدتلفن
171653,تولید تلفن و تجهیزات مخابراتی
172037,خازن
172039,خازن صنعتی
172044,تجهیزات الکترونیک خازن صنعتی
172151,گچ بری پیش ساخته
172265,سمباده
172285,فروش ابزار و یراق
172313,حفاظتی
172321,تولید تجهیزات مداربسته
172323,تولید سیستم امنیتی و حفاظت الکترونیکی
172349,بازرگانی ماشین آلات
172506,نرم افزارآموزشی
173211,نرم افزارمهندسی
173484,توراکس
173489,سینه
173492,قفسه صدری
173496,پزشک جراح قفسه صدری
173634,کاغذباطله
173637,ضایعات کاغذ
173779,چاپ تقویم
173830,پروژکتور
173836,تولید چراغ خیابانی، پارکی و صنعتی
173962,ایستگاه
173967,مترو
173971,ایستگاه مترو
174078,server
174080,سرور
174088,فریزر
174090,لوازم برقی
174093,یخچال
174095,تولیدفریزر
174102,تولیدیخچال
174105,تولید یخچال و فریزر خانگی
174125,اعتیاد
174127,ترک اعتیاد
174133,درمانگاه ترک اعتیاد
174183,موسیقی
174186,آموزش موسیقی
174297,وکالت
174299,دفتروکالت
174301,دفاتروکالت
174303,مشاورحقوقی
174305,وکیل
174441,اسکاچ
174443,سیم ظرفشویی
174445,تولید اسکاچ و سیم ظرفشویی
174490,آموزش نقاشی
174507,کش
174510,کش و نوار
174579,بروشور
174582,کاتالوگ
174618,وام
174620,اعطای وام
174625,مواد معدنی
174643,تولید و پخش مبلمان و دکوراسیون
165724,آباژور
165726,لوستر
165728,لوسر
165730,فروش لوستر و آباژور
165749,اتوسرویس
165755,تون آپ
165758,تعمیرگاه اتومبیل
165760,تعمیرگاه و تون آپ اتومبیل
165798,پکیج
165804,برج خنک کن
165806,تهویه
165808,خنک کن
165810,خنک کن صنعتی
165812,خنک کننده
165816,تجهیزات برودتی
165818,دستگاه برودتی
165820,تهویه مطبوع
165822,پکیج گرمایشی، سرمایشی
165824,تاسیسات حرارتی و برودتی
165840,قاب
165842,قابسازی
165854,فروش روسری
165856,فروش روسری و شال
165874,تلفن همراه
165879,سیم کارت تلفن همراه
166010,پلی یورتان
166012,دیواری
166015,سقفی
166019,عایق پلی یورتان
166023,پانل
166145,ابزارساختمانی
166147,فروش ابزارساختمانی
166175,تاسیسات خدمات
166177,خدمات تاسیسات
166215,پلاستیک
166231,قالب سازی پلاستیک
166315,شبانه
166317,شبانه روزی
166320,داروخانه شبانه روزی
166343,انکولوژی
166349,خون
166352,سرطان
166357,پزشک خون و سرطان
166407,عروس
166410,مزون
166412,لباس عروس
166567,پاساژ
166569,مجتمع تجاری
166571,پاساژ و مجتمع تجاری
166602,قطعات
166604,قطعه
166608,محصولات فولاد
166610,قطعات فولادی
166612,قطعه فولادی
166708,کارگزاری
166710,شرکت بیمه
167741,چاپخانه
167757,پیش دانشگاه دولتی
167759,پیش دانشگاهی
167825,صنایع دستی
167829,تولیدصنایع دستی
168556,وسایل خانگی
168558,ملزومات خانگی
168560,تعمیر و خدمات پس از فروش لوازم خانگی
168623,نایلکس
168625,نایلون
168632,ماشین آلات نایلون و نایلکس
168670,طباخی
168672,کله پز
168675,کله پزی
169086,تولید پیچ و مهره و میخ و پرچ
169726,چرخ خیاطی
169732,گل دوزی
169735,گلدوزی
169739,فروش و تعمیر چرخ خیاطی و گل دوزی
169833,ازدواج
169836,ژنتیک
170481,نئوپان
170483,تخته
170485,چوب
170487,چوب و تخته
170846,برنامه نویسی
171097,بازرگانی آجیل و خشکبار
171496,پل
171498,پل سازی
171500,احداث پل
171819,اتوماسیون ساختمان
172002,بازرگانی مواد غذایی
172142,شطرنج باز
172189,بیماری دهان
172256,ICP
172259,سرویس اینترنت
172262,سرویس های (ICP) اینترنت
172400,دبیرستان پسرانه دولتی
172434,شیرفلکه
172509,اتصالات گازی
172512,شیرآلات گازی
172517,تولید و پخش لباس زیر
172803,برش
172805,تیغه
172807,تیغه برش ماشین آلات صنعتی
173157,داروخانه دام پزشکی
173171,سوسیس
173176,کالباس
173183,فرآورده پروتئینی
173190,سوسیس و کالباس و فرآورده گوشتی پروتیینی
173605,قوطی
173610,قوطی سازی
173612,تصفیه
173614,تصفیه هوا
173616,دستگاه تصفیه هوا
173618,تجهیزات تصفیه هوا
173622,دستگاه و تجهیزات تصفیه هوا
173699,لوازم کمک آموزشی
173701,کمک پژوهشی
173705,آموزشی و پژوهشی
173711,تجهیزات و لوازم کمک آموزشی و پژوهشی
173741,چاپ و طراحی پارچه
173743,چاپ شیشه
173991,فلکس
173993,فلکسی
173995,بنر
174000,تابلوتبلیغاتی
174002,تابلوکامپیوتری
174147,ماشین ابزار
174234,صنایع برق و الکترونیک
174392,تعمیرالکتروموتور
174394,سیم پیچی الکتروموتور
174564,فروش یخچال
174566,فروش فریزر
174568,فروش یخچال و فریزر خانگی
174695,جارو
174697,جاروبرقی
174703,تعمیرجاروبرقی
174880,دستگیره
174883,قفل و کلید
174885,کلید
174887,لولا
174890,قفل و دستگیره
174900,معدن
175086,جعبه
175088,جعبه مقوایی
175095,تولیدکارتن
175102,آموزشگاه فنی و حرفه ای
175104,آموزشگاه نقشه کشی
175115,حرفه ای
175134,بازرگانی تجهیزات و لوازم پزشکی، جراحی، بیمارستانی
175136,بازرگانی محصولات و لوازم آرایشی، بهداشتی
165887,تدریس
165889,تدریس خصوصی
165891,دروس
165893,علمی
165895,معلم
165897,معلم خصوصی
166030,خدمات اتومبیل
166032,خدمات خودرو
166039,تعمیرگاه مجاز و اتوسرویس تعمیرگاه
166938,آبمیوه
166940,بستنی
166943,بستنی فروشی
166948,آبمیوه و بستنی
167398,جرثقیل
167401,کرایه جرثقیل
167418,کود حیوانی
167420,کود گیاهی
167422,کود سبز
167424,کود ارگانیک
167677,تجهیزات شبکه
167679,لوازم شبکه
167681,فروش تجهیزات شبکه
167694,چتایی
167699,گونی
167702,گونی بافی
167709,تولیدگونی
167714,کنفی
167721,گونی و چتایی پلی پروپیلن
168982,سلفون
168986,حباب دار
168988,تولید نایلون و نایلکس
168990,پلاستیک حباب دار
168992,فروش نایلون و نایلکس
169110,کفاشی
169113,تعمیرکفش
169127,کاردرمانی
169140,سمعک
169142,شنوایی
169144,کمک شنوایی
169146,لوازم شنوایی
169148,لوازم کمک شنوایی
169152,تجهیزات شنوایی
169154,سمعک و لوازم کمک شنوایی
169474,برشکار
169485,برشکاری کاغذ
169895,خاک
170438,نرم افزارکاربردی
171026,تولید لوازم یدکی موتورسیکلت
171130,چسب صنعتی
171199,خیریه
171201,موسسه خیریه
171203,موسسات خیریه
171272,پمپ هیدرولیک
171284,پرس
171287,پنوماتیک
171289,جک
171291,جک های هیدرولیکی
171294,هیدرولیک
171296,تجهیزات و لوازم هیدرولیک و پنوماتیک
171310,راهنمایی پسرانه دولتی
171312,راهنمایی تحصیلی پسرانه دولتی
171592,سماور
171656,شبرنگ
171658,چاپ شبرنگ
171748,شکر
171750,قند
171752,فروش قند و شکر
172416,تولید و پخش لوازم و پوشاک ورزشی
172650,سیستم مخابرات
172658,راه اندازی سیستم مخابرات
172796,پخش پارچه
174026,بیماری عفونی
174030,عفونی
174033,بیماری گرمسیری
174035,پزشک بیماری های عفونی و گرمسیری
175539,تور کیش
175659,کنسرو
175713,عرش فولادی
175715,سقف عرشه فولادی
175765,پزشک جراح قلب و عروق
175816,نخ نایلونی
175819,نخ کنفی
175821,نخ نایلونی و کنفی
175828,لیزر
175830,طراحی و ساخت لیزر
175886,سیم لاکی
175888,فروش سیم لاکی
175970,قطعات لاستیکی
175972,قطعه لاستیکی
175974,قطعات اتومبیل
175976,قطعه اتومبیل
175978,تزیینات اتومبیل
175980,لوازم و قطعات پلاستیکی و لاستیکی اتومبیل
175993,گالوانیزه
175995,ورق
175997,ورق پلاستیک
175999,ورق پلیمر
176001,ورق فلزی
176003,ورق استیل
176034,مهندسین مشاور الکترونیک و مخابرات
176086,صوت و تصویر
176092,تولید اکو و آمپلی فایر
176094,فروش اکو و آمپلی فایر
176169,پرده کرکره
176171,کرکره
176173,لوردراپه
176175,پرده عمودی
176177,لوازم پرده
176179,تولید پرده کرکره و لوردراپه
176204,ادراری تناسلی
176206,اورولوژی
176215,مجاری
176217,مجاری ادراری
176219,متخصص کلیه
176221,اورولوژیست
176223,پزشک جراح کلیه، مجاری ادراری تناسلی
176273,تولید و پخش سیسمونی
176309,بیمارستان
176311,بیمارستان تخصصی
176315,بیمارستان قلب و عروق
176343,هنرستان
176345,خلبانی
176452,شلوار
176454,کت
176456,فروش کت و شلوار
176523,تولید کیف و چمدان
176723,دستگاه تاسیسات حرارتی
176773,لوازم موسیقی
176776,آلات موسیقی
176805,کادویی
176808,لوکس
176814,لوازم خانگی لوکس، کادویی و تزیینی
176893,تولیدپاکت
176913,پوشاک کار
176915,فروش پوشاک کار
176925,کفش ورزشی
176954,تور
176956,توری
176958,روتختی
176960,رومیزی
176962,ملحفه
176964,روتختی، ملحفه، رومیزی و پرده توری
177157,وزارت فرهنگ و ارشاد اسلامی
177188,پوشال
177199,قالبسازی صنعتی
177206,طراحی صنعتی
177318,بیولوژیک
177322,کیت
177324,کیت آزمایشگاهی
177332,کیت آزمایشگاهی تشخیص طبی
177392,تزیین
177395,خنچه
177397,خنچه عقد
177399,عقد
177401,گل آرایی
177405,تزئین
177407,خنچه عقد و گل آرایی
177428,بازرگانی سنگ ساختمانی و تزیینی
166246,فروش ساعت
166248,فروش و واردات ساعت
166449,غذاهای فست فود
166452,غذای فست فود
166456,فست فود
166459,فود
166463,Fast Food
166466,Food
166468,رستوران فست فود
166477,تولیدنخ
166528,طراحی مبلمان و دکوراسیون
166539,پرنده
166541,پرنده فروشی
166546,پست
166552,دفاترپستی
166554,دفترپستی
166556,آزانس پستی
166558,آژانس و دفتر پستی
166832,بازاریابی
166846,سفارتخانه
166953,مشاوره مالیاتی
166979,تسمه پروانه
166981,زنجیر
166985,قطعات صنعتی
166991,زنجیرصنعتی
166995,تولیدزنجیرصنعتی
166998,نقاله
167000,نوار نقاله
167002,فروش زنجیر صنعتی
167004,فروش تسمه و نوار نقاله
167068,دبیرستان
167073,متوسطه
167075,متوسطه عمومی
167396,فروش حوله
167437,آموزش آشپزی
168014,شیشه
168016,قفل
168018,قفل اتومبیل
168181,آیفون
168185,درب بازکن
168187,در بازکن
168189,دربازکن
168191,فروش و تعمیر آیفون تصویری
169159,صادرات فرش و قالی
169224,خدمات دریایی
169226,دریایی
169679,باطری صنعتی
169681,باتری صنعتی
169993,قطعه صنعتی
169995,طراحی و تولید قطعات صنعتی
170272,تعاونی مصرف
170274,فروشگاه تعاونی مصرف
170343,درب و چهارچوب
170493,صنایع فلزات
171477,زیره کفش
171681,فنی
171684,خدمات مهندسی
171689,خدمات فنی مهندسی
172826,چراغ خودرو
172829,فروش چراغ اتومبیل
172831,فروش چراغ خودرو
172845,فروش دزدگیر و ضد سرقت
173082,فروش کاغذ و مقوا
173207,تولیدمانتو
173627,فروش، نصب و تعمیر شیشه و بالابر اتومبیل
174329,فروش تجهیزات آزمایشگاهی
174331,فروش لوازم آزمایشگاهی
174333,فروش تجهیزات و لوازم آزمایشگاهی
174380,مسافربری
174382,تعاونی مسافربری
174860,رفو
174862,رفوگری
174868,خشکشویی
174874,رفوگری فرش
174876,خشکشویی مبل
174916,دوربین مداربسته
174934,نصب دوربین مداربسته
175007,آرد
175108,اکسیژن
175118,تجهیزات گاز اکسیژن
175191,آلبوم
175193,عکس
175197,آلبوم عکس
175401,خبرگزاری
175786,برچسب
175788,برچسب لیزری
175790,هالوگرام
175792,هولوگرام
175833,فروش مصنوعات چرمی
176105,لوازم و مواد مصرفی ماشین اداری
176286,پرینت رنگی
176288,پلات رنگی
176290,پلات و پرینت رنگی
176528,مرغداری
176539,ماشین آلات و تجهیزات مرغ داری و دام داری
176567,فروش رادیاتور شوفاژ
176742,نمک
177346,جرثقیل سقفی
177348,فروش جرثقیل سقفی
177474,اتصالات مسی
177476,لوله مسی
177478,عایق لوله
177482,لوله و اتصالات مسی
177499,فرم
177501,فرم کامپیوتری
177505,کاغذاداری
177526,پمپ بنزین
177528,جایگاه
177530,سوخت
177532,سوخت گیری
177534,جایگاه سوخت گیری
177566,درمانگاه قلب و عروق
177568,فیزیوتراپی
177571,ترافیک
177573,علائم راهنمایی و رانندگی
177575,لوازم راهنمایی و رانندگی
177577,علائم و لوازم راهنمایی و رانندگی
177594,تصفیه آب
177596,فاضلاب
177598,تصفیه فاضلاب
177603,تصفیه آب و فاضلاب
177716,آموزشگاه علمی
177718,آموزش علمی
177720,آموزش دروس
177722,آموزشگاه علمی و کنکور
177773,کلیدسازی
177780,فروش قفل و کلید (کلیدسازی)
177793,لوازم یدکی لباسشویی
177921,فروش پیراهن
177941,ترشی
177943,ترشیجات
177990,خدمات بسته بندی
177993,تولید پاک کننده و شوینده
178022,تولید تجهیزات و لوازم آزمایشگاهی، کمک آموزشی
178032,زبان
178034,انگلیسی
165955,گوارش
165958,متخصص بیماری های داخلی
165960,پزشک فوق تخصص گوارش
166050,واترپمپ
166065,Laptop
166067,Notebook
166075,کامپیوترجیبی
166077,کامپیوترکیفی
166083,لپ تاپ
166085,Mouse
166087,ماوس
166089,موس
166091,Speaker
166093,اسپیکر
166097,ماوس (Mouse)
166099,اسپیکر (Speaker)
166103,بارکش شهری
166108,باربری
166110,اتوبار
166234,نما
166236,کامپوزیت
166238,نمای آلومینیومی
166240,سقف آلومینیومی
166242,تولید و اجرا سقف آلومینیومی (کامپوزیت)
166576,Printer
166578,چاپگر
166580,چاپگر (Printer)
166836,مقوا
166838,تولید کاغذ و مقوا
167050,گچ بری
167052,گچبری
167055,نقاشی ساختمان
167082,قالیشویی
167129,پوشش سقف
167132,سقف شیبدار
167134,پوشش سقف شیبدار
167532,لوازم بهداشتی
167538,محصول بهداشتی
167540,محصول آرایشی
167544,محصولات آرایشی، بهداشتی
167546,فروش محصولات و لوازم آرایشی، بهداشتی
167592,قالب بتنی
167594,پروژه
167596,پروژه تاسیسات
167598,پروژه های ساختمانی
167600,مهندسی تاسیسات
168137,شرکت خارجی
168140,دستگاه نشت یاب
168167,دفتر نمایندگی شرکت خارجی
168308,مبدل
168310,مبدل حرارتی
168312,مخازن کویل دار
168334,آب رسانی
168339,مهندسی کشاورزی
168341,احداث سد
168343,سد
168345,سدسازی
168347,کانال
168349,ساخت کانال
168351,زمین شناسی
168353,ژئوتکنیک
168355,ژئوفیزیک
168358,آبرسانی، آبیاری و زه کشی
168360,احداث سد و کانال
168363,مهندسین مشاور منابع آب
168369,فروش شیرآلات
168376,فروش، نصب و تعمیر پله برقی
168424,بازرگانی تجهیزات جانبی کامپیوتر
168429,بازرگانی تجهیزات شبکه
168527,پلیس
168530,دفاتر
168532,پلیس + 10
168642,وزارت آموزش و پرورش
168828,بالینی
168830,روان
168837,مشاوره
168839,مشاوره بالینی
168847,Clinical Psychology
168849,روان درمانی و مشاوره بالینی
168851,روان درمانی، روان شناسی بالینی
169403,ضایعات
169407,خرده فلز
169409,فلز
169412,خرده فلزات
169416,ضایعات فلزات
169527,تولید و پخش دارو گیاهی
169872,پروتزدندانی
169877,دندان پزشک پروتز دندان
171440,بازرگانی لوازم ورزشی
171788,مجتمع آموزشی
171897,موادسیال
171901,حمل و نقل مواد سیال
171922,ریخته گری فلز
171926,تراشکاری قطعات صنعتی
172172,آمادگی مختلط
172174,پیش دبستان مختلط
172177,کودکستان
172179,مهد
172183,مهدکودک
172185,پیش دبستان مختلط دولتی
172187,مهد کودک، آمادگی
172212,تولید سنگ ساختمانی و تزیینی
172328,منسوجات
172334,رو مبلی
172336,رومبلی
172340,بازرگانی پارچه
172342,پارچه رومبلی
173308,فاکس
173310,فکس
173313,فروش و تعمیر تلفن سانترال، دیجیتال و فاکس
173324,جگرکی
173327,کبابی و جگرکی
173893,تولیدشیرآلات
174502,پرسکار
174902,معدنی
174905,ماده معدنی
174975,فشار قوی
174977,تابلوبرق
175047,پارکت
175049,کف پوش
175051,کفپوش
175064,فروش و نصب کف پوش و پارکت
175163,تولیدآسانسور
175165,تولیدبالابر
175173,تولید آسانسور و بالابر
175274,بدلیجات
175344,تزیینات کیف و کفش
175447,ضد سرقت
175449,ضدسرقت
175451,درایمنی
175453,در ایمنی
176189,خودروسازی
176202,تولید و فروش وسایل نقلیه سنگین
176235,بازرگانی تلفن همراه
176709,حکاکی
176713,قلمزنی
176715,قلم زنی و/یا حکاکی
176784,تولیدابزارصنعتی
176795,پوشاک ایمنی
176801,لباس آتش نشانی
176803,تولید و پخش تجهیزات و پوشاک ایمنی آتش نشانی
177003,آهنربای صنعتی
177007,مگنت
165924,امداد
165930,امداد آتش نشانی
165932,امداد آتش
165934,امداد حریق
166624,پاکت
166627,فروش پاکت
166727,پخش دارو
166794,لمینت
167341,تجهیزات الکترونیک
167343,فروش تجهیزات الکترونیک
167351,بازرگانی قطعات الکترونیک
167624,NetWork
167626,امنیت شبکه
167628,شبکه
167630,طراحی شبکه
167632,نصب شبکه
167634,راه اندازی شبکه
167636,اجرای شبکه
167639,طراحی و راه اندازی و امنیت شبکه
167641,کامپیوتر سرور (Server)
168319,شکلات
168321,نبات
168323,نقل
168325,آبنبات
168327,آب نبات
168329,نبات و آب نبات
169642,پروژه صنعتی
169644,پیمانکار
169651,پیمانکار پروژه صنعتی
169653,طراحی و مدیریت پروژه نفت و گاز و پتروشیمی
170037,نرم افزار ضد ویروس
170131,اتصالات فولادی
170134,گازرسانی و تجهیزات گاز مایع
170146,بازرگانی شیرآلات
170365,کارت کامپیوتری
170367,صدور کارت کامپیوتری
170369,هوشمند
170372,تجهیزات چاپ و/یا صدور کارت کامپیوتری
172522,دو جداره
172525,شیشه ایمنی
172527,شیشه نشکن
172529,تولیدشیشه نشکن
172535,شیشه دوجداره
172537,سکوریت
172539,فروش شیشه نشکن
172888,سیم فلزی
172891,سیم آلومینیومی
172893,سیم مسی
172895,سیم فولادی
173597,تولیدفرآورده نفت
173599,تولیدفرآورده پتروشیمی
173603,تولید فرآورده نفت و گاز و پتروشیمی
175503,کش بافی
175505,کشبافی
175838,شبکیه
175842,چشم پزشک شبکیه
175911,روغن نباتی
175913,تولید و پخش روغن نباتی
176321,جاده
176323,جاده سازی
176325,راه
176328,راهسازی
176330,بالش
176333,لحاف
176335,تشک، لحاف و بالش
176364,وزارت کشور
176837,بازرگانی پیچ و مهره و میخ و پرچ
176895,دزدگیر
176899,رادیوپخش
176906,دزدگیر و ضد سرقت
176908,دزدگیر و رادیوپخش اتومبیل
177269,قالیبافی
177488,سفال
177490,سفال بام
177495,تولید و پخش کاشی و سرامیک
177656,پزشک روان پزشکی کودکان
177926,ماده شیمیایی
177928,رنگ شیمیایی
177930,رنگ و مواد شیمیایی
178024,بافندگی
178036,آموزش زبان
178072,یو. پی. وی. سی
178074,یوپی وی سی
178076,یو پی وی سی
178078,upvc
178080,u. p. v. c
178090,بازرگانی لوازم و قطعات یدکی اتومبیل
178093,طلاکوب
178095,چاپ طلاکوب
178104,ECG
178106,الکتروکاردیوگرافی
178108,نوار قلب
178115,EEG
178117,الکتروآنسفالوگرافی
178126,نوارمغز
178178,آبگرمکن
178180,تولیدآبگرمکن
178261,مهندسین مشاور تاسیسات
178277,تعمیرتجهیزات الکترونیک
178399,سپر
178401,سپرسازی
178405,سپرسازی و آبکاری
178418,Scanner
178420,اسکنر
178423,اسکنر (Scanner)
178434,اورژانس
178436,پایگاه ثابت شهری
178438,فوریت پزشکی
178440,مراکز اورژانس
178442,مرکز اورژانس
178444,آمبولانس
178450,لامپ
178469,بارانداز
178479,بنگاه باراندازی
178517,مجتمع توانبخشی
178523,مرکزتوانپخشی
178525,مراکزتوانپخشی
178527,مرکز و مجتمع توانبخشی
178541,استخراج
178543,اکتشاف
178545,توسعه میادین
178549,مخازن
178551,اکتشاف، استخراج و توسعه میادین نفت و گاز
178553,مخازن نفت و گاز
178583,مراکز مشاوره
178585,مرکز مشاوره
178589,مراکز راهنمایی
178591,مرکز راهنمایی
178614,اتحادیه صنفی
178617,صنوف
178623,آنالوگ
178625,دوربین
178631,دوربین عکاسی و فیلم برداری
178722,شیلات
178769,استودیو صداگذاری
178771,آهنگ سازی
178774,استودیو صدابرداری، صداگذاری
178816,نوارچسب
178818,اتیکت
178821,مارک
178826,استیکر
178883,استخرها
178889,سوناها
178901,استخر و سونا
178911,آتلیه
178915,آتلیه نقاشی و خطاطی
178962,تنفسی
178965,ریوی
178967,ریه
178971,پزشک ریه
178978,تولیدماشین محاسباتی
165195,چرم
165197,چرم مصنوعی
165208,گنجینه
165210,موزه
165213,تماشاگه
165228,روغن
165232,گریس
165234,روغن موتور
165236,روغن ترمز
165238,فروش روغن صنعتی
165327,حسینیه
165329,حسینیه و تکیه
165339,مصنوعات چرمی
165343,تولیدمصنوعات چرمی
165354,یاتاقان
165356,دیفرانسیل
165358,گیربکس
165364,یاتاقان و بلبرینگ اتومبیل
165366,فروش گیربکس و دیفرانسیل ماشین آلات
165372,کمپرسور
165374,تولید و تعمیر کمپرسور
165415,ادارات وزارت بهداشت
165417,کود
165421,کودشیمیایی
165433,مصالح
165435,مصالح ساختمان
165437,فروش مصالح ساختمان
165439,چاپ دیجیتال
165460,دیجیتال
165462,چاپ و نشر
165464,چاپ صنعتی
165468,آرایش آقایان
165471,آرایشگاه آقایان
165476,آرایشگاه مردانه
165478,آرایش مردانه
165598,لبنی
165600,لبنیات
165602,فروش لبنیات
165624,ارگان
165627,موسسات
165629,موسسه
165635,مراکزاداری
165637,مرکزاداری
165639,ادارات و سازمان ها
165657,پرتوشناسی
165664,پزشک پرتوشناسی
165676,تولید و پخش پوشاک تریکو
165682,میلگرد
165686,میلگردصنعتی
166331,عروق
166334,قلب
166337,پزشک متخصص قلب و عروق
166587,پزشکی فیزیکی
166591,طب فیزیکی
166595,پزشک توانبخشی
166630,نانوایی
166632,نانوا
166699,بیلیارد
166701,میز
166703,میز بیلیارد
166734,آلومینیوم
166736,پروفیل
166738,فلزات
166740,پروفیل آلومینیوم
166776,سمپاش
166820,لنت
166822,لنت کوبی
166923,ریخته گری
166925,مواد اولیه ریخته گری
167114,طراحی و تولید لوازم و قطعات یدکی اتومبیل
167226,دفاتر نمایندگی
167228,دفتر نمایندگی
167243,نمایندگی
167245,نمایندگی موتورسیکلت
167251,پژوهش
167253,تحقیقات
167255,تحقیقات و پژوهش
167257,پژوهش پزشکی
167259,تحقیقات و پژوهش پزشکی
167285,پلکسی گلاس
167287,تابلو
167289,تابلوساز
167295,طلق
167298,تابلوسازی و طلق
167563,رانندگی
167565,صدور گواهینامه
167567,گواهینامه
167572,آموزشگاه رانندگی
167574,آموزش رانندگی و صدور گواهینامه
167788,تشک
167792,تشکدوزی
167794,تودوزی
167796,تو دوزی
167798,تودوزی اتومبیل
167890,فروش رنگ و ابزار
167964,موسسه فرهنگی
167966,موسسات فرهنگی
168126,زونکن
168212,فروش موتورسیکلت
168314,دوچرخه
168316,فروش دوچرخه
168434,تعمیر دوچرخه
168524,پخش محصولات و لوازم آرایشی، بهداشتی
168569,سراجی
168710,سازه
168714,سازه فلزی
168759,اطفال
168764,کودکان
168767,پزشک متخصص کودکان
168794,سانترال
168808,تلفن سانترال، دیجیتال و فاکس
168812,تعمیر و خدمات تجهیزات شبکه
168814,تعمیر و خدمات تجهیزات جانبی کامپیوتر
168818,انبار
168820,انبارموادغذایی
168863,تحقیقات و پژوهش، اطلاع رسانی
168954,انرژی
168956,بهره وری
168958,بهینه سازی
168960,بهینه سازی انرژی
169021,تعمیرگاه و خدمات پس از فروش وسایل نقلیه سنگین
169194,عدسی
169196,لنز
169199,عدسی و لنز
169282,تراشکاری فلز
169518,شوفاژ
169571,پیستون
169577,رینگ و پیستون اتومبیل
169722,ظروف چینی
169724,فروش ظروف چینی
169990,موسسه سینمایی
170158,اتوماسیون اداری
170160,نرم افزاراداری
170165,نرم افزار اتوماسیون اداری و مالی
170219,میز کامپیوتر
170221,میز ویدیو
170223,میز تلویزیون و کامپیوتر
170305,آبکاری
170307,آبکاری آلومینیوم
170309,آبکاری پلاستیک
170311,آبکاری فلزات
170313,آبکاری گالوانیزه
170453,دندان پزشک متخصص ترمیمی و زیبایی
170556,صنایع پتروشیمی
170558,صنایع نفت
170568,صنایع نفت و پتروشیمی
170746,دفترخدمات الکترونیک
170750,دفتر خدمات الکترونیک شهر
165996,کود زیستی
165998,کود بیولوژیک
166251,چای
166253,بسته بندی
166255,توزیع و بسته بندی چای
166887,مراکزبهداشتی درمانی
166889,مرکزبهداشتی درمانی
166897,مراکزدرمانی
166899,مرکزدرمانی
166905,مراکز واکسیناسیون
166907,واکسیناسیون
166909,مرکز بهداشتی درمانی شهری
167736,فروش و نصب و تعمیر آسانسور
167901,دستمال
167903,دستمال کاغذی
167905,کلینکس
167908,محصولات بهداشتی کاغذی
168092,پالایشگاه
168094,پتروشیمی
168097,گاز
168099,نفت
168107,بازرگانی تجهیزات پالایشگاهی نفت و گاز و پتروشیمی
168229,تولید سیم و کابل
168281,حمل ونقل
168459,موسسات آموزشی
168462,موسسات آموزشی پژوهشی
168464,موسسه آموزشی، پژوهشی
168496,رنگ و مواد اولیه پلاستیک
168602,باغبانی
168605,بذر
168611,فروش و واردات بذر کشاورزی
168656,نگهداری شبکه
168685,فروش بهداشتی ساختمان
168687,فروش لوازم بهداشتی ساختمان
168713,ابزارآلات جوشکاری
168718,دستگاه و تجهیزات جوشکاری
169161,رابیتس
169271,بار
169276,حمل و نقل بار
169482,Monitor
169489,فروش monitor
169491,فروش مانیتور
169494,فروش مانیتور (Monitor)
170242,بیلبورد
170248,تیزر
170252,تیزر تبلیغات
170254,فیلم تبلیغاتی
170257,تولید تیزر تبلیغاتی
170291,مهندس
170296,مهندسی ساختمان
170330,غدد
170333,متابولیسم
170338,غدددرون ریز
170340,پزشک غدد درون ریز و متابولیسم
170468,خرید، فروش و اجاره کمپرسور
170548,پیراهن
170552,تولیدپیراهن
170613,آنستزی
170615,آنستزیست
170618,بیهوشی
170623,پزشک بیهوشی
170760,گفتاردرمانی
170775,درمانگاه گفتاردرمانی
170838,فروش پوشاک چرم
170894,اسکی
170896,اسکیت
170898,آموزش اسکیت
170944,سیمان
170946,فروش سیمان
170962,رنگ کاری
170964,رنگ کاری کوره ای
170968,کوره
170970,رنگ کاری کوره ای قطعات صنعتی
170979,چسب
170981,رزین
170983,رزین صنعتی
170990,رزین صنعتی و چسب
170997,سرامیک
170999,کاشی
171001,فروش کاشی و سرامیک
171067,آموزشی
171070,هنر
171072,هنرهای تجسمی
171074,هنری
171076,آموزش هنر
171212,تولید تجهیزات پالایشگاهی نفت و گاز و پتروشیمی
171222,تصادفی
171224,خودرو
171226,لیزینگ
171228,لیزینگ خودرو
171258,تابلونویسی
171262,خطاطی
171264,طراحی تابلو
171520,جوشکار
171608,پزشک فوق تخصص سر و گردن
171709,تعمیر قطعات سخت افزاری کامپیوتر
171711,تعمیر کامپیوتر کیفی و جیبی (Notebook & Laptop)
171836,شیلنگ
171838,شیلنگ فشارقوی
171844,شلنگ
171846,غبارگیر
171850,کیسه غبارگیر
171857,غبارگیرمایعات
171860,غبارگیرهوا
171864,کیسه غبارگیر هوا و مایعات
171983,فنرسازی
172118,پنیر
172120,خرما
172124,تولید و پخش و صادرات خرما
172130,روماتولوژی
172132,عضلات
172137,پزشک مفاصل و عضلات
172380,زعفران
172460,مکانیکی سیار
172462,امداد خودرو
172601,آمفی تاتر
172603,تاتر
172606,سالن سینما
172608,سالن نمایش
172610,تئاتر
172612,طراحی و اجرای سالن نمایش
172819,فروش و نصب موکت
172884,تجهیزات کشاورزی
172886,تجهیزات کشاورزی و باغبانی
172911,آینه
172913,شمعدان
172917,آیینه
172919,آئینه
172921,تولید و پخش آینه و شمعدان
172926,آموزش کامپیوتر
172950,غیرمخرب
172952,تجهیزات و لوازم بازرسی غیر مخرب
172965,احداث فرودگاه
173090,سرویس خواب
173123,بهداشت
173127,بهداشت حرفه ای
173132,حفاظت صنعتی
173136,طب
173139,طب کار
173143,بهداشت حرفه ای و طب کار
173257,کانال سازی
173263,کانال سازی، نصب و تعمیر کولر
173290,لوازم جانبی موبایل
173292,لوازم جانبی تلفن
173294,لوازم جانبی تلفن همراه
173363,تولیدکیف
173367,تولید کیف و کفش
173369,پاشنه کفش
173376,تجهیزات شوفاژ
173378,قطعات شوفاژ
173380,تجهیزات و قطعات شوفاژ
173467,تحکیم
173469,پایدارسازی
173472,آزمایشگاه فنی
173476,مکانیک خاک
173478,خاک شناسی
173480,آزمایشگاه خاک شناسی
173659,پزشک جراح مغز و اعصاب
173763,تقویم
173766,سررسید
173769,دفتر
173774,دفترسازی
180743,فروش ظروف آشپزخانه
180760,کف کاذب
180764,تولید و اجرا سقف کاذب
180830,فروش لوازم خانگی گازسوز
180980,کنترل کیفیت
180983,تجهیزات کنترل کیفیت
188231,تجهیزات تعمیرگاه
188235,ماشین آلات و تجهیزات تعمیرگاهی
194744,تولید و تعمیر جرثقیل
200453,احداث اسکله
200457,اسکله
200460,بندر
200621,مواداولیه شوینده
200630,مواد اولیه پاک کننده و شوینده
200738,باشگاه بیلیارد
201164,زیپ
201221,فلزات رنگین
201225,فلزرنگین
201463,پنچرگیری
201468,لوازم پنچرگیری
201472,لوازم پنچرگیری اتومبیل
202755,رنگرزی و تکمیل پارچه
202853,گازرسانی
202855,مایع
202861,تجهیزات گازمایع
202863,لوازم گازمایع
203047,رادیو تلویزیون
203051,ادارات و سازمان های صدا و سیما
203223,بازرگانی ابزار و یراق
203225,بازرگانی قفل و کلید
203232,قیرگونی
203235,قیر
203338,پروفیل فلزات
203368,امامزاده
203371,زیارتگاه
203373,امامزاده و زیارتگاه
203632,حلبی
203634,حلبی سازی
203664,فرآورده
203669,بازرگانی فرآورده نفت و گاز و پتروشیمی
203698,ترمیم مو
203701,ناخن
203705,ترمیم ناخن
203707,ترمیم مو و ناخن
203710,سماورسازی
203731,نان صنعتی
203871,پیمانکار معدن
204188,آپارات
204191,تجهیزات سالن
204200,آپارات و پروژکتور و سایر تجهیزات سالن سینما
204624,فروش ظروف تفلون
204964,هنرستان کار دانش پسرانه دولتی
205058,تولید جعبه مقوایی
205191,پخش کالا
205199,کاریابی
205207,مشاورشغلی
205336,فروش پوشاک تریکو
205466,فروش فرآورده پتروشیمی
205468,فروش فرآورده نفت
205470,فروش فرآورده نفت و گاز و پتروشیمی
205889,خطوط هوایی
205984,پنجره فلزی
205986,درفلزی
205988,در فلزی
205990,درب فلزی
206345,طراحی نما
206453,عروسک
206739,آسایشگاه
206741,سالمندان
206743,آسایشگاه سالمندان
206793,لابراتوار
206795,استودیو عکاسی
206797,آتلیه عکاسی
206833,توزیع برق
206835,توزیع برق و انتقال نیرو
206969,گرده آلومینیوم
206971,ورق آلومینیوم
207033,پاکت سازی
207070,سالامبور
207072,تولید و فروش چرم و سالامبور
207129,سازه فضاکار
207131,سازه فضایی
207134,طراحی و تولید سازه فضاکار
207208,تولید ماشین آلات
207274,لوله فولادی
207279,لوله و اتصالات فولادی
207447,مقاوم سازی
181279,طراحی وبسایت
181530,وزارت صنعت، معدن و تجارت
181981,خمکار
181983,خمکاری
181986,برشکاری و خمکاری ورق
182130,تعمیر مبلمان و دکوراسیون
182318,کوهنوردی
182322,لوازم کوهنوردی
182395,ارتوپد فنی
183201,متخصص جراحی عمومی
183203,پزشک فوق تخصص جراحی گوارش
183792,لوازم لوله کشی
183795,لوازم لوله و اتصالات
184392,سیستم مالی
184394,سیستم مدیریت
184397,مدیریت
184403,طراحی و اجرای سیستم مدیریت و مالی
185519,چنگال
185521,قاشق
185525,فروش قاشق و چنگال
185546,تولیدچراغ روشنایی
185549,فروش چراغ روشنایی
185552,چراغ پارکی
185555,چراغ خیابانی
185558,چراغ صنعتی
185729,حقوقی
185731,دادسرا
185733,دادگاه
185735,دادگاه عمومی
185737,دادگستری
185739,قضایی
185745,دادگاه های عمومی
185747,مجتمع قضایی
185749,دادسرا و دادگاه عمومی
186144,پزشک قلب و عروق کودکان
186839,تولیدژنراتور
186841,تولید دیزل ژنراتور، ژنراتور و موتور برق
187040,پوستر
187736,مصنوعات آلومینیوم
188739,فروش ماشین آلات صنعتی
189312,اجاق
189314,اجاق گاز خانگی
189317,اجاق گاز صنعتی
189321,تعمیراجاق
189323,تعمیر اجاق گاز
191039,مواداولیه دارو
191169,تعمیرلوازم خانگی
191171,تعمیر لوازم خانگی گازسوز
191444,لوازم یدکی کیا
193007,طب سوزنی
195175,هنرستان دولتی
195177,هنرستان فنی پسرانه دولتی
195500,سری تراشی
196092,تعمیرسردخانه
197258,تولید و پخش تجهیزات دندان پزشکی
200429,طراحی و تولید سیستم اعلام و اطفا حریق
200990,تولید فرش و قالی
201190,اتحادیه صنوف خدماتی
201192,اتحادیه صنوف توزیعی و خدماتی
201243,پوشاک پزشکی
201256,پوشاک پزشکی یکبار مصرف
201394,Case
201396,کیس
201399,کیس (Case)
201736,آفات
201738,دفع آفات
201740,سموم
201742,سموم شیمیایی
201744,سم شیمیایی
201746,سموم شیمیایی و دفع آفات
202515,تشک ورزشی
202600,بسیج
202602,پایگاه
202608,مراکزبسیج
202610,مرکزبسیج
203086,کی بورد (KeyBoard)
203259,الکل
203261,الکل صنعتی
203263,الکل طبی
203326,کادو
204016,پریز
204022,کلید و پریز
204724,تولیدلباسشویی
205507,گیربکس صنعتی
205643,اوراق بهادر
205645,بورس
205647,بورس اوراق بهادار
205724,بازرگانی کاشی و سرامیک
205774,فروش اینترنتی
205811,تولیدابزارساختمانی
206093,مهندسی صنایع
206098,تجهیزات آزمایشگاه فنی و مهندسی
206242,کابل مخابرات
206244,فروش کابل مخابرات
206248,پزشکان
206255,ساختمان پزشکان
207449,مقاوم سازی سازه
207461,وزارت دفاع و پشتیبانی نیروهای مسلح
207671,لوازم آزمایشگاه
207674,تجهیزات آزمایشگاه خاک شناسی
207699,چراغ سازی
207701,چراغ خوراک پزی
207703,خوراک پزی
207754,ظروف پلاستیکی
207756,فروش ظروف پلاستیکی
207762,سرامیک صنعتی
207770,تولید سرامیک صنعتی
207801,سنباده
207815,چادر
207817,خیمه
207819,سایبان
207829,سازه سبک ساختمانی
207831,سازه ساختمانی
207833,خیمه و سایبان
207864,ادیومتر
207868,شنوایی سنجی
179066,مهندسین مشاور
179408,شرینگ پک
179412,تجهیزات شرینگ پک
179687,تولیدتجهیزات آزمایشگاهی
179689,تولیدلوازم آزمایشگاهی
179698,تولید تجهیزات و لوازم آزمایشگاهی
179996,فیلترصنعتی
179998,تولیدفیلترصنعتی
180385,اسکلت
180387,اسکلت فلزی
180389,سوله
180391,سوله و اسکلت فلزی
180485,تجهیزات آب
180487,تجهیزات فاضلاب
180494,تجهیزات تصفیه آب و فاضلاب
180732,نورپردازی
180735,تجهیزات نورپردازی و روشنایی
180924,مدرس ریاضی
180926,مدرس زبان انگلیسی
180928,مدرس فیزیک
181517,واردات و/یا صادرات
181541,تعمیرگاه مجاز لوازم خانگی
181611,صورت
181616,دندان پزشک جراح دهان، فک و صورت
181816,فروش جرثقیل
181931,قرنیه
181934,چشم پزشک فوق تخصص قرنیه
183034,یدکی بدنه
183036,بدنه اتومبیل
183040,تولید لوازم و قطعات یدکی بدنه اتومبیل
183237,تولیدلوازم التحریر
183280,دام
183282,طیور
183284,آزمایشگاه دام و طیور
183717,تولیدظروف چینی
183931,تولیدروغن صنعتی
184219,نجاری
184456,یو.پی.اس
184495,بازار
184499,میادین میوه
184502,بازار و میدان میوه و تره بار
184837,حفاری و استخراج
185571,تخلیه چاه
185573,تشخیص ترکیدگی
185577,لوله بازکنی و تخلیه چاه
185785,فروش لوازم برقی
185817,اوراق
185819,اوراقی
185821,اوراقی فروشی
185989,کاغذحساس
186021,هتلداری
186027,میهمانداری
186029,مهمانداری
186033,آموزش هتل داری
186082,مفتول
186084,مفتول فلزی
186108,GameNet
186112,کلوپ
186115,بازی شبکه ای
186117,کلوپ بازی های کامپیوتری
186416,تولیدواشر
186418,واشرسازی
186498,خدمات اداری
186500,خدمات نظافتی و اداری
186746,سیم کشی
186748,تاسیسات سیم کشی
186752,سیم کشی برق صنعتی و ساختمانی
186812,انژکتور
186817,تعمیرپمپ انژکتور
186846,داشبورد
186853,داشبوردسازی
187377,کلیسا
187899,میل لنگ
187901,میل لنگ تراشی
187903,میل لنگ تراشی اتومبیل
187989,حضور
187992,غیاب
188003,ساعت حضور و غیاب
188005,فروش دستگاه فتوکپی و زیراکس
188241,تجهیزات صنعتی
188793,ISP
188796,خدمات دسترسی اینترنت
188798,خدمات اینترنت
188801,Adsl
188803,عرضه کننده اینترنت
189107,تلویزیون
189110,رسانه
189112,رسانه ملی
189114,شبکه های تلویزیون
189116,کانال های تلویزیون
189120,شبکه تلویزیونی صدا و سیما
189718,آشپزخانه صنعتی
189720,تجهیزات آشپزخانه صنعتی
190457,طراحی داخلی
190463,ام.دی.اف
190465,ام دی اف
190468,ام. دی. اف (MDF)
190500,پوشاک نظامی
190502,فروش پوشاک نظامی
190568,شمع
190890,خراطی
190975,اطلاعات مدیریت
190977,سیستم اطلاعات مدیریت
191031,ترانسفورماتور
191151,لوازم دوچرخه
178996,سیلندر
178998,کپسول
179001,فروش و شارژ کپسول گاز اکسیژن
179047,تجهیزات اداری
179052,تولید و فروش تجهیزات اداری
179315,داروساز
179323,بازرسی
179329,بازرسی کالا
179331,بازرسی فنی
179333,بازرسی غیر مخرب
179344,تغذیه
179346,درمان چاقی
179348,درمان لاغری
179350,رژیم غذایی
179352,رژیم درمانی
179354,درمان چاقی و لاغری
179362,طراح
179401,تنظیم هوا
179404,دریچه تنظیم هوا
179406,دریچه تنظیم هوا کولر
179434,تولید قند و شکر
179463,آثار
179465,اثر باستانی
179469,باستان
179471,بناهای تاریخی
179473,بنای تاریخی
179477,تاریخی
179479,اثر
179482,اثر باستانی و بنای تاریخی
179494,دستگاه
179497,تجهیزات تاسیسات ساختمان
179499,دستگاه تاسیسات ساختمان
179501,دستگاه و تجهیزات تاسیسات ساختمان
179703,صندلی
179705,صندلی اداری
179709,مبل اداری
179711,مبلمان اداری
179713,فروش مبلمان اداری
180037,هود
180041,هود آشپزخانه
180415,فروش و تعمیر تجهیزات دندان پزشکی
180451,تولیدچسب
180558,پروفیل آهن
180714,باروری
180719,نازایی
180721,نازا
180725,درمانگاه نازایی
180911,پیش دانشگاهی پسرانه دولتی
181101,لیفتراک
181103,فروش لیفتراک
181213,ضد حریق
181217,پوشش ضدحریق
181219,ضدحریق
181221,پوشش ضد اسید
181479,خدمات وابسته الکترونیک
181481,خدمات الکترونیک
181571,کارخانجات
181573,کارخانه
181577,تجهیزات کارخانه
181579,تولید و راه اندازی تجهیزات کارخانه
182107,سیستم الکترونیک
182109,طراحی، تولید، نصب و تعمیر سیستم الکترونیک
182182,بازی کامپیوتر
182184,فروش CD
182188,فروش CD نرم افزار و بازی
182281,برشکاری فلزات
182626,حیوانات خانگی
182628,حیوان خانگی
182730,راه آهن
182733,ریلی
182816,نقشه
182818,نقشه برداری
182820,لوازم نقشه برداری
182841,موادشیمیایی ساختمانی
182920,نمایندگی صوتی و تصویری
182942,درمانگاه دامپزشکی
183100,لوازم ورزشی پزشکی
183102,فروش لوازم ورزشی پزشکی
183162,آمپر
183164,کیلومترشمار
183168,تعمیر کیلومترشمار و آمپر
183171,کنتور
183208,یوگا
183330,یدکی چرخ خیاطی
183473,سرویس های ارزش افزوده
183475,پیام دهی
183477,SMS
183479,MMS
183542,وزارت تعاون، کار و رفاه اجتماعی
183820,مهندسین مشاور ساختمان
183918,پیمانکار نفت و گاز و پتروشیمی
183945,سیلک
183947,چاپ تریکو و سیلک
183980,رنگ پودر
184093,اقامتی
184095,پانسیون
184097,مسافرخانه
184101,میهمانپذیر
184103,میهمانخانه
184105,میهمانسرا
184107,هتل
184109,هتلها
184351,نقره
184353,نقره جات
184986,نوسازی
184988,تعمیرات ساختمان
184992,نوسازی ساختمان
185096,اتوماسیون ماشین آلات صنعتی
185278,یدکی لوازم خانگی
185280,فروش قطعات یدکی لوازم خانگی
186100,ضد ویروس
186102,ضدویروس
186433,بازرگانی کاغذ و مقوا
187063,رادیوتراپی
187065,رادیوگرافی
187208,CNG
187211,پمپ گاز
187214,جایگاه های سوخت گیری
187217,گاز مایع
187303,تولیدسردخانه
187373,دبستان پسرانه غیر دولتی
187563,نقره سازی
188123,ایملنت
188486,کتابفروشی
188657,سرب
188659,تولید سرب
189043,تعمیرتلفن
189046,تعمیر تلفن و تجهیزات مخابراتی
189256,توری فلزی
189259,مس
189261,فروش مس
189429,تعمیر موتورسیکلت و دوچرخه
189462,آجر سفالی
189550,دکترا
189552,دکترای علوم
189554,علوم آزمایشگاهی
189556,دکترای علوم آزمایشگاهی
189558,آلیاژ
189560,آلیاژ فولادی
189676,فروشگاه زنجیره ای
190101,نوزادان
190103,پزشک مغز و اعصاب کودکان
190174,مهندسین مشاور نقشه برداری
190659,شهرک
190661,شهرک سازی
190864,لوازم و قطعات ماشین آلات نساجی
190995,مدرس کامپیوتر
191143,تولید کت و شلوار
191153,قطعات دوچرخه
191155,قطعه دوچرخه
178980,تولیدماشین اداری
179417,خیاطی بانوان
179419,آموزش خیاطی بانوان
179508,تعمیریخچال
179510,تعمیرفریزر
179514,تعمیر یخچال و فریزر خانگی
179628,کاغذخردکن
179636,دستگاه کاغذخردکن
179728,تعمیرآبگرمکن
179918,پوشاک آتش نشانی
179920,تجهیزات و پوشاک آتش نشانی و ایمنی
179922,فروش تجهیزات و پوشاک ایمنی آتش نشانی
180105,یو پی اس
180115,برق اضطراری
180117,ترانس
180119,منابع تغذیه
180122,منبع تغذیه
180130,U. P. S
180133,یو. پی. اس (UPS)
180702,پخش کفش
180837,خانه هوشمند
180839,هوشمندسازی ساختمان
181054,فروش و واردات تجهیزات و لوازم آزمایشگاهی، کمک آموزشی
191315,فروش فیلتر
191381,تولیدظروف تفلون
191406,Webcam
191410,دوربین دیجیتال (Webcam)
191508,تولید و پخش لبنیات
191710,کمیته امدادامام
191712,کمیته امداد
191794,پودر معدنی
191801,پودر معدنی و صنعتی
192305,چرخ گوشت
192309,تعمیرچرخ گوشت
192352,بازرگانی قطعات سخت افزاری کامپیوتر
192490,افزودنی شیمیایی
192496,چسب و افزودنی شیمیایی بتن
192516,تولیدمبلمان اداری
192620,چیلر
192873,کیسه
192875,کیسه پلاستیکی
192877,کیسه پلاستیکی و پلی پروپیلن
193311,تعمیر دستگاه فتوکپی و زیراکس
193324,لوازم چاپ و نشر
193326,بسته بندی مواد غذایی
193373,نقشه کشی
193375,نقشه کشی صنعتی
193514,تولید کف پوش و پارکت
193561,نهادها
193563,تشکیلات
193565,ولایت فقیه
193567,نهادها، سازمان ها و موسسات تابعه رهبری
193885,صنایع غذایی
193888,مشاور صنایع غذایی
193956,کرکره برقی
193958,کرکره اتوماتیک
193960,کرکره هوشمند
193962,کرکره اتوماتیک و برقی
193965,فروش درب کرکره ای اتوماتیک
194027,قطعات جاروبرقی
194029,لوازم جاروبرقی
194077,اکتشاف معدن
194092,مشاوره بازرگانی
194490,قنادی لوازم و مواد اولیه
194597,فروش پمپ انژکتور
194734,فروش فیلترصنعتی
194993,تولید شکلات
195000,ابزار نجاری
195025,دامدار
195027,دامپرور
195035,دام پروری و دام داری
195083,فروش و تعمیر آیفون
195735,زایشگاه
195745,بیمارستان زنان و زایمان
195826,بازرگانی دارو
196130,عکاسی صنعتی
196145,ابزارآلات برنده
196147,چاقو
196348,خودروی آتش نشانی
196442,تولید شیشه و آینه
196524,سشوار
196530,روکش صندلی اتومبیل
196566,کانال های رادیو
196572,شبکه های سیما
196578,شبکه صدا
196650,لیزردرمانی
196724,پلیمر پلاستیک
196781,دکترای داروسازی
196818,بیمارستان روان پزشکی
196823,تجهیزات فروشگاهی
196840,کار دانش
196848,کار دانش دولتی
196869,بطری
197087,موبیل
197149,پیش دبستان پسرانه دولتی
197200,عسل
197305,دامپزشک
197414,لامپ LED
197419,لامپ ال. ای. دی (LED)
197544,صنایع گاز
197958,احداث فضای سبز
197960,فضای سبز
198061,بوتاکس
198069,بیماریهای پوست
198077,خدمات پوست
180380,خوشبوکننده
180382,خوشبوکننده هوا
181084,خوابگاه
181086,خوابگاه دانشجویان
181272,طراحی و تولید رادیاتور شوفاژ
182794,اجاق گاز
182797,گازسوز
183104,قفسه
183107,قفسه فلزی
183114,تجهیزات قفسه فلزی
183125,ماما
183127,مامایی
183129,متخصص زنان
183303,رئیس جمهور
183305,رییس جمهور
183308,نهادها و سازمان ها و موسسات تابعه ریاست جمهوری
183877,منابع آب
183879,منبع آب
184607,دینام
184612,واشر
184924,فروش جاروبرقی
185033,تینرسازی
185043,تولید رنگ و رزین
185126,فیلترهوا
185128,فیلترروغن
185130,فروش فیلتر روغن و هوا
186007,خرج کاری
186046,تولید فیلتر روغن و هوا
186440,جعبه دنده
186442,دنده
186447,دنده و گیربکس اتومبیل
186449,تولید و فروش دنده و گیربکس اتومبیل
186616,تجهیزات سنگ بری
186618,لوازم سنگ بری
186668,مواد اولیه شیمیایی
186761,پرتونگاری
186765,سونوگرافی
186767,سی. تی. اسکن
186769,سی تی اسکن
187358,تولید شیشه اتومبیل
188604,امدادبرق
188633,خانه فرهنگ
188636,خانه فرهنگ محله
189584,پریتکس
189586,رولکس
189588,کنیتکس
189590,کنیتکس، رولکس و پریتکس
189921,ماکت
189987,نفرولوژی
189989,پزشک کلیه، مجاری ادراری
190280,ماشین آلات بسته بندی
190747,مرصع
190749,مرصع کاری
191278,مخزن
191280,تولید مخازن
192740,پرورشگاه
192742,شیرخوارگاه
192747,پرورشگاه و شیرخوارگاه
192858,قطعات مدارالکترونیک
192860,تجهیزات مدارالکترونیک
192862,لوازم مدارالکترونیک
194862,اتاق سازی
194864,اتاق سازی وسایل نقلیه سنگین
194889,P. V. C
194893,PVC
194898,پی. وی. سی
194902,پی وی سی
194906,مواد اولیه پلاستیک و پی. وی. سی
196454,منطقه
196457,مناطق آموزش و پرورش
196557,تولیدسیمان
198268,تولیدمصالح ساختمان
198594,شرکت خدماتی
198600,سینک
198602,ظرفشویی
198608,تولیداجاق
198618,سینک ظرفشویی
198620,تولید اجاق گاز
198672,پلاستیک صنعتی
198813,استخدام
198868,بینایی سنجی
198873,اپتومتر
198875,بینایی
198877,اپتومتریست
198888,پله پیش ساخته
198932,تولیدپمپ
199482,تولیدبهداشتی ساختمان
199484,تولید لوازم بهداشتی ساختمان
199763,المنت
199765,لوازم حرارتی
199767,هیتر
199769,المنت و لوازم حرارتی
199825,بوستر
199827,بوسترسازی
199913,لوازم یدکی لیفتراک
200072,اره
200074,اره تیزکنی
200076,اره نواری
200160,کف پوش صنعتی
200163,کفپوش صنعتی
200240,ریاست جمهوری
200259,گوشت مرغ
200471,فروش و تعمیر پرده کرکره و لوردراپه
200600,سمپاشی
200634,کاست
200639,ویدیو
200652,فروش نوار کاست و ویدیو
200805,جلوبندی
200807,میزان فرمان
200809,جلوبندی و بالانس چرخ و میزان فرمان اتومبیل
200872,غیر آهنی
200875,آلیاژ غیر آهنی
201061,آنژیوپلاستی
201069,والولوپلاستی
201071,پزشک قلب و عروق
201312,طراحی لوگو
201403,خانه بهداشت
201411,پایگاه بهداشت
201642,پزشک جراح کودکان
201702,برزنتی
201712,واتراستاپ
201714,کانویر
201719,تسمه کانویر
202087,تالارهای نمایش
202089,تالار نمایش
202091,سینما
202234,دکمه
202471,تولیداسباب بازی
179751,بازرگانی بلور و کریستال
179785,تعمیرکامپیوتر
179821,پرس ضربه ای
179857,چینی
179859,بلور و چینی
179908,لاستیک موتورسیکلت
180431,مهندسین مشاور کشاورزی
180608,حبوبات
181198,مناطق
181202,ادارات و سازمان های شهرداری
181229,تولیدموادشیمیایی
181274,بازیافت
181626,تعمیرشوفاژ
182054,بست
182056,بست فلزی
182060,تولید بست فلزی
182083,فیبر
182085,فیبر صنعتی
182642,لفاف
182644,وکیوم
182646,وکیوم پلاستیکی
183483,خوراک
183487,خوراک دام و طیور
183489,خوراک ماهی
183491,خوراک میگو
183494,خوراک دام و طیور و آبزیان
183496,دارو دام و طیور
183610,خصوصی
183998,مشعل
184002,مشعل گاز
184006,مشعل گازوییل
184008,مشعل گازی و گازوییلی
184308,پشم شیشه
184347,تولیدظروف آلومینیومی
184643,معرق
184645,معرق کاری
184841,پاسگاه
184843,کلانتر
184849,نیرو انتظامی
184851,کلانتری و پاسگاه
184959,دریل
184962,مته
184964,مته برقی
184973,دریل و مته برقی
185050,پتو
185052,فروش پتو
185080,تولید و پخش لوستر و آباژور
185396,بازرگانی بلبرینگ و کاسه نمد اتومبیل
186349,امداد آب
186633,کارتن پلاست
187142,ظروف یکبارمصرف گیاهی
187144,ظروف گیاهی
187146,ظروف گیاهی یکبار مصرف
187221,بوستان
187223,پارک
187773,کلوچه
187775,کیک
187777,کیک و کلوچه
188397,تکثیر
188399,حروفچینی
188401,ماشین نویسی
188405,حروفچینی و تایپ
188826,بانک اطلاعاتی
188828,پایگاه داده
188830,data base
190202,متخصص زنان و زایمان
190204,پزشک فوق تخصص نازایی
190392,پلیس پیشگیری ناجا
190396,موسسه حفاظتی و مراقبتی
191123,مهندسین مشاور برق
193077,منبت کاری
193132,حجاری
193134,سنگ تراشی
193588,تعمیر و راه اندازی ماشین آلات ساختمانی
195421,تولید بلبرینگ و کاسه نمد اتومبیل
195498,وزارت جهاد کشاورزی
196786,کمپوت
196788,کنستانتره
196790,آبمیوه و کنستانتره
197560,روغن زیتون
197667,سوناسازی
197794,قفل نرم افزار
197876,پزشک تغذیه
198141,قطعات یدکی جک هیدرولیکی
198465,آموزش حسابداری و حسابرسی
198741,NGO
198744,سازمان غیر دولتی
198793,قطعات پیش ساخته ساختمان
198880,عایق حرارتی
198884,عایق حرارتی و برودتی
198897,تبلت
199255,کاربراتور
199258,تعمیر و فروش کاربراتور و واترپمپ اتومبیل
199323,تولید تسمه و نوار نقاله
199395,کوره صنعتی
199397,کوره آزمایشگاهی
199399,زباله
199405,تولید دستگاه زباله سوز
199627,بلوک
199629,تیرچه
199631,پلاستوفوم
199633,فوم
199635,یونولیت
199637,تیرچه بلوک
199857,برق منطقه ای
199859,برق منطقه
199863,مناطق برق
200100,پوکه
200102,پوکه معدنی
200104,پوکه صنعتی
200833,وزارت امور خارجه
200976,مرکزبهداشت
200978,مراکزبهداشت
201003,اتوبوسرانی
201005,پایانه
201007,پایانه درون شهری
201009,ترمینال
201352,لوازم رادیولوژی
201354,تجهیزات رادیولوژی
201357,تولید و پخش تجهیزات و لوازم رادیولوژی
201605,چاپ فلزات
201991,حصیر
201993,حصیربافی
201997,حصیرفروشی
202098,لوازم یدکی موتور
202100,لوازم یدکی دوچرخه
202102,فروش قطعات یدکی موتورسیکلت و دوچرخه
202447,نصب شبکه کامپیوتر
202452,خدمات شبکه
202461,پاناسونیک
202463,تجهیزات سرور
202581,طراح و گرافیست
202719,جاروب
202722,کف شوی
202724,جاروب و کف شوی
202749,رنگرز
202751,رنگرزی
202753,رنگرزی و تکمیل
207984,شستشو
207986,کارواش
208496,تولیدپوشاک نظامی
209102,وب سایت آموزشی
209105,وب سایت علمی و آموزشی
209642,تولید نقشه
209801,تولیدکاغذدیواری
210414,قفسه بندی
210927,آگاهی
210929,شعب
211760,خرید
214699,EMG
215292,تولیدآهن
215697,پخش نرم افزار
216204,خدمات پزشکی
216208,ماساژور
216210,خدمات پزشکی در منزل و محل کار
216212,ماساژدرمانی
222060,پزشک فوق تخصص گوارش کودکان
222686,طراحی وب
222693,سایت
222793,ظروف دارویی
222795,ظرف دارویی
222797,ظرف بهداشتی
222799,ظروف بهداشتی
222801,ظروف دارویی و بهداشتی
232142,چمن مصنوعی
232906,تولید مواد اولیه فایبرگلاس
233599,تعویض پلاک خودرو
235098,تعمیر کیف و چمدان
236753,شیشه خم دکوراسیون
238638,خطوط انتقال گاز
238640,خطوط انتقال نفت
238642,انتقال نفت
238644,انتقال گاز
238646,طراحی و اجرای خطوط انتقال نفت و گاز
239319,ساعت تبلیغاتی
240098,لوازم قالیبافی
241010,فروش و تعمیر ترازوی الکترونیکی
242108,تولیدسیم لاکی
242310,تجهیزات معدن
242390,ویزا
248293,تعمیر فر
251260,تولیدابزاربرقی
251342,فرهنگسرا
252172,آلیاژی
252178,اکسین
253598,برچسب های لیزری
253602,برچسب اموال
253606,چاپ برچسب امنیتی
253630,آبلیموگیری
253632,آبغوره
253634,آبغوره گیری
253637,چاشنی
253639,چاشنیجات
253641,غذایی
253643,آبلیمو
253645,لیمو
254122,فروش آبگرمکن
254664,توزیع گازمایع
254725,واردات اتومبیل
254727,واردات خودرو
254848,پرستار
255792,حجامت
255795,طب اسلامی
255797,طب سنتی
256342,ماشین آلات جوراب بافی
257142,چاه
257144,حفر
257151,حفر چاه ارت
257153,حفر چاه و قنات
257293,تولید و تعمیر جک هیدرولیکی
257861,لازانیا
257866,تولیدماکارونی
257941,تعمیر لپ تاپ
258137,تعمیرگاه مجاز ساعت
209706,کرایه CD
209708,CD کلوپ
209710,CD فیلم
209713,نرم افزار، فیلم، بازی کامپیوتری
209989,قهوه
209991,نسکافه
209993,قهوه و نسکافه
210295,قوطی فلزی
210506,پلاستیک سازی تزریقی
210717,برس
210719,شانه
211684,مهمانپذیر
211686,مهمانپذیر و پانسیون
211969,مواداولیه غذایی
212309,بیمه مسئولیت
212311,بیمه آتش سوزی
212313,بیمه باربری
213816,تولید چراغ اتومبیل
213818,تولید چراغ خودرو
215361,بانک کتاب
215588,گاز صنعتی
215590,گاز طبی
215595,تولید و پخش گاز طبی و صنعتی
218008,ماموگرافی
218239,مهندسین مشاور کامپیوتر
218878,نوشابه
218880,پخش نوشابه
221956,تولید بلور و کریستال
222210,تولیدجرثقیل سقفی
222214,قطعات جرثقیل
222216,لوازم جرثقیل
222239,ریسندگی
223325,کالا ساختمانی
223330,بازرگانی کالای ساختمانی
227193,طراح سایت
227276,کرایه ماشین آلات راه سازی
233317,راهبند
233338,اتوماتیک
233343,راه بند اتوماتیک
234091,KeyBoard
234093,کی بورد
258244,دفاتر پیشخوان خدمات دولت
259082,تولیدانبوه CD
259388,برشکاری آهن و فولاد
259560,خدمات
260279,ضایعات آلومینیوم
260404,سنگزنی
260573,فروش ظروف ملامین
261540,آموزش خیاطی و گل دوزی
261621,شیر
261656,مواد اولیه معدنی
263057,ایرانی
263060,تهیه غذا
265148,تولیدظرف آشپزخانه
265247,تابلو فرش
268150,عزا
268152,عزاداری
268154,علامت
268156,هیات
268158,علامت هیات عزاداری
268210,کاپشن
268415,ماشین آلات نوشابه سازی
268973,تولید درب کرکره ای اتوماتیک
269535,تعمیر نوت بوک
207897,تولید لوازم یدکی ماشین آلات سنگین
208375,خط
208378,خوشنویسی
208382,آموزش خوشنویسی
209732,رنگ کاری مبل
209745,حوزه
209747,حوزه علمیه
209773,ماشین حساب
210888,کافی شاپ
210907,آموزش و راه اندازی و مشاوره و تجهیز کافی شاپ و تریا
212160,ساک دستی
216442,وزارت نفت
217039,جلد
217041,جلدکوبی
217046,جوش پلاستیک
217392,فروش کارتن
218203,دبستان استثنایی
219040,ملامین
219044,تولیدظروف ملامین
219771,اسکناس
219773,اسکناس شمار
219775,دستگاه اسکناس شمار
220879,روان شناسی شخصیت
221513,تانکر
221515,تانکرسازی
221519,تولیدتانکر
225038,صنعت
225040,کشت
225042,کشت و صنعت
225244,آدامس
225282,تولیدموزاییک
225548,کانتکس
225558,لوله بازکن
227297,سیم توری
227299,سیم خاردار
227303,سیم خاردار و سیم توری
228309,صنایع دریایی
228311,قایق
228314,کشتی و قایق
228854,بازرگانی تجهیزات الکتریکی
228972,خمکاری آینه و شمعدان
230440,آپارتمان
230501,مدرس موسیقی
230669,نیروی انسانی متخصص
230671,تامین و پشتیبانی نیروی انسانی متخصص
230769,فروش واشر
231204,قطعه ریخته گری
231206,تولید قطعات ریخته گری
231260,آموزش آرایش آقایان
234759,عایق رطوبت
235355,بکسل
235358,سیم بکسل
235927,تولید قفل و کلید
235929,تولید ابزار و یراق
236482,شیشه خم
236487,آینه و شیشه خم اتومبیل
236602,کبریت
236604,تولید و پخش کبریت
238164,زیگزال دوزی
238189,مواد غذایی ارگانیک
238191,محصولات غذایی ارگانیک
238193,مواد و محصولات غذایی ارگانیک
238326,مهندسی هیدرولیک و پنوماتیک
240927,دست
240931,مچ
240934,پزشک ارتوپد و جراح استخوان - فوق تخصص دست
244514,فروش بسته بندی
244516,فروش لوازم بسته بندی
244819,قارچ
244884,فروش قیر
247716,فروش تجهیزات پالایشگاهی نفت و گاز و پتروشیمی
248588,فارسی ساز
248594,نرم افزار فارسی ساز
250428,خدمات پارچه
252333,فیلم بردار
252336,آموزش عکاسی
253384,تعمیرپمپ
254044,فروش و تعمیر گاز طبی و صنعتی
256336,تولیدپله برقی
257686,آسفالت کاری
257993,فروش میز و صندلی
259349,صندلی گردان
260496,محصولات فرهنگی
260499,عرضه محصولات فرهنگی
260501,ویدیوکلوپ
260791,بازرگانی چرم و سالامبور
261042,کارت ویزیت
210504,تولیدتجهیزات شبکه
211110,خدمات کشاورزی
211134,آب سیاه
211136,چشم پزشک گلوکوم
211395,هنرتجسمی
212126,طب تسکینی
212919,فروش استیل
212921,فروش ظروف استیل
213459,سیگار
213590,شورا
213592,شورای حل اختلاف
213594,مجتمع های قضایی
213633,مواداولیه آبکاری
213745,صنایع دستی کار
214330,دزدگیر اماکن
214732,لوله پروفیل
216327,مهندسین مشاور نساجی
216345,باربند
216347,تولید باربند اتومبیل
216435,شمش
216437,شمش آلومینیوم
217213,گرافتک
217579,مراکز
217581,معاینه
217583,معاینه فنی
217585,مراکز معاینه فنی خودرو
218975,نرم افزارقرآنی
218981,نرم افزارمذهبی
218984,نرم افزار قرآنی و مذهبی
219287,اتصالات سیمانی
219290,لوله سیمانی
219292,آردواز
219294,آزبست
219296,لوله و اتصالات سیمانی
219298,ایرانیت و شیروانی
219798,فروش لباسشویی
220163,صندلی فلزی
220196,تعمیر دنده و گیربکس اتومبیل
220444,کاشت دندان
220448,دندان پزشک کاشت دندان
220555,یدکی صوتی و تصویری
220650,ثبت شرکت
220657,نرم افزار حسابداری
221021,پارچه پرده ای
221049,پزشک آسیب شناسی بالینی
223914,مدرس شیمی
225137,وزارت راه و شهرسازی
227417,بازرگانی پوشاک
230960,کارشناس
230974,کارشناس دادگستری
235243,بطری پلاستیکی
235245,تولید بطری پلاستیکی
237054,عکاسی و فیلمبرداری
244054,سمسار
244056,سمساری
244058,اجناس دست دوم
244900,پادگان
244902,نظامی
244904,پادگان نظامی
246164,برد
246166,برد الکترونیکی
246168,DIP
246170,SMD
246172,مونتاژ برد الکترونیکی
246383,تجهیزات بیمارستان
248238,شیروانی
248722,تولیدالکتروموتور
249635,لوازم ماهیگیری
249637,ماهیگیری
250671,ضایعات آهن
250855,اندونتیکس
250860,ریشه دندان
250864,دندان پزشک ریشه دندان
208580,اسید
208582,باز
208584,اسید و باز
214512,آسفالت
214515,تولید قیر
214517,تولید آسفالت
233461,چدن
233832,تجهیزات کشتارگاه
233834,دستگاه کشتارگاه
236824,آینه شمعدان
236827,تولیدآینه
237493,کلینیک درد
237495,درمانگاه درد
237497,کلینیک تخصصی درد
237499,درمانگاه تخصصی درد
237987,تولیدموتورسیکلت
238648,پلی استر
238653,نخ پنبه ای
238655,نخ پلی استر
238657,نخ پنبه ای و پلی استر
239571,ابر
239574,تولید اسفنج و ابر
239657,کبریتی
240852,پزشک هسته ای
240854,پزشک پزشکی هسته ای
243294,تعمیرجک
245069,چندجداره
245415,آب بند
245421,آب بند بتن
247313,میل گاردان
247315,تعمیر میل گاردان اتومبیل
248526,نگهداری و تعمیرکارخانجات نفت وگازوپتروشیمی
248644,رنگ آمیزی
248646,رنگ آمیزی صنعتی
248648,سندبلاست
252462,تولیدماشین ابزار
252625,کولرساز
252628,تعمیر، نصب و شارژ کولر اتومبیل
253305,دارالترجمه
253307,مترجمین
253309,ترجمه
253311,مترجم
254562,کپسول آتش نشانی
254588,مشارکت در ساخت
255243,اعزام
255245,دانشجو
255252,مهاجرت اعزام دانشجو
258026,تولید قطعات پلاستیک
261171,پرداخت قالی
261177,لکه برداری
261184,رنگرزی فرش
261321,قطعات نسوز
261323,قطعه نسوز
261326,مواد نسوز
261328,ماده نسوز
261330,مواد و قطعات نسوز
262161,روزنامه فروشی
262163,مطبوعات
262782,تولید لنت ترمز و صفحه کلاچ
263696,پستایی
263698,پستایی سازی
263700,رویه
264050,آموزشگاه تعمیرات
264068,آموزش تعمیرات تجهیزات الکترونیکی
264152,تولید دزدگیر و ضد سرقت
264178,تجهیزات پارک
264180,دستگاه پارک
264182,تجهیزات پارک و شهر بازی
264567,مکانیک
264571,مهندسی مکانیک
265083,سفال گری
265085,تولید سفال
265425,زرگری
265429,زر گری
265431,آموزش طلاسازی
265453,متالوژی
265455,قطعات پودری
265457,متالوژی پودری
265459,قطعات پودری (متالوژی پودری)
265832,ابزار بادی
266025,آنتن
266097,شیمی
266100,صنایع شیمی
266102,صنایع شیمی و پتروشیمی
266518,بتن آماده
266817,ماشین آلات شرینگ پک
208635,فروش اسکاچ و سیم ظرفشویی
208675,بانک قرض الحسنه
208677,بانک های قرض الحسنه
209970,احداث تونل
209972,تونل
209974,ساخت تونل
215162,پروفیل پلاستیک
216757,پزشک نوزادان
217294,تولید میز و صندلی
217480,تجهیزات ساختمانی
217968,تولیدپارچه
218278,پیش ساخته بتنی
218508,تولید محصولات و لوازم آرایشی، بهداشتی
218608,آبشار
218610,آبنما
218612,پاسیو
218619,آبنما، پاسیو و آبشار
220288,اتاق بازرگانی
220291,بازرگانی کشور خارجی
220857,گل دوزی کامپیوتری
220860,گلدوزی کامپیوتری
221391,تولیدلوازم برقی
221393,تولید لوازم برقی اتومبیل
222491,دیوارپوش
222493,فروش دیوار پوش
223197,تولیدساعت
224902,پنبه
224904,الیاف
224906,الیاف مصنوعی
225118,حمل و نقل سیمان
226007,مهاجرت
226009,خدمات مهاجرت
226011,اقامت
226013,اقامت در خارج از کشور
226833,آموزش تعمیرات
226842,آموزش تعمیرات تلفن همراه
228377,پخش لوازم یدکی
228379,پخش قطعات یدکی
228382,پخش لوازم و قطعات یدکی اتومبیل
228656,گل سازی
228658,گلسازی
228660,لوازم گلسازی
228732,چرخ دنده صنعتی
230097,باکس و شلف
230198,پرداخت
230200,پرداخت کاری
230818,راننده
230823,کرایه اتومبیل بدون راننده
231837,کشتارگاه
232676,M. R. I
232678,MRI
232680,ام آرآی
232682,M.R.I
233918,تولیدلوازم توانبخشی
233920,تولیدتجهیزات توانبخشی
233924,تولید تجهیزات و لوازم ارتوپدی و توانبخشی
234229,جوجه
234231,جوجه کشی
234233,جوجه یک روزه
235079,ماهواره
235081,نقشه برداری ماهواره ای
235086,دوربین نقشه برداری
238620,تولیدخودرو
238622,تولیداتومبیل
239038,ترمز
239040,صفحه کلاچ
239042,کلاچ
239045,فروش لنت ترمز و صفحه کلاچ
239593,ستون فقرات
239595,کایروپرکتیک
239597,Chiropractic
239599,کمردرد
239601,پزشک متخصص کایروپراکتیک
239690,قطعات فریزر
239693,قطعات یخچال
239696,لوازم و قطعات یخچال و فریزر خانگی یا صنعتی
240592,تریا
240594,کافه
241110,فروش موزاییک
243640,تولید و فروش جک
243895,رنگ اتومبیل
244244,آب معدنی
244248,آشامیدنی
244250,نوشیدنی
244730,سازه دریایی
245189,تولیدنوشابه
245320,تصادف
245624,استودیو
245626,دوبلاژ
245628,صداگذاری
245633,فیلمبرداری
245635,استودیو فیلم برداری
245973,پارکینگ
245975,توقف گاه
247520,تیز کردن
247526,چاقوتیزکنی
247610,پرینتر
248751,مربا
258246,دفتر پیشخوان خدمات دولت
207904,اسانس
207910,اسانس خوراکی
207912,عرقیات
207914,عرقیات گیاهی
207916,اسانس و عرقیات گیاهی
208241,درب ضد سرقت ترکیه
208249,ضد انفجار
208251,درب ضد انفجار
208520,بشکه
208522,بشکه فلزی
208838,نواراسفنجی
208842,نوارلاستیکی
209354,حشره کش
209360,حشره کش خانگی و صنعتی
209764,درب و پنجره پی. وی. سی
210072,ماکت سازی
210074,ماکت سازی صنعتی
210839,کشش مفتول
211144,فروش اجاق
211146,فروش اجاق گاز
211188,آموزش نقشه کشی
211956,پسته
212175,چادر اتومبیل و وسایل نقلیه سنگین
212334,کره
214181,احداث پالایشگاه
214275,انبارعمومی
215580,ورق های لاستیکی
215582,ورق لاستیکی
215615,ترازوی الکترونیکی
215619,تولیدترازوی الکترونیکی
215894,تاسیسات شهری
217737,استارت
217742,دینام و استارت اتومبیل
217744,فروش دینام و استارت اتومبیل
219019,پاراگلایدر
219023,هوانوردی
221965,تولیدفرش ماشینی
222368,هنرستان حرفه ای پسرانه دولتی
222470,فروش ماشین آلات نساجی
222474,نصب ماشین آلات نساجی
222476,فروش، نصب و تعمیر ماشین آلات نساجی
222783,دادستان
222785,قضائیه
222787,قضائی
223115,موتوری
223402,آجرفشاری
223404,آجرماشینی
223406,آجر ماشینی و فشاری
223540,بازرگانی ابزار ساختمانی
224309,کشباف
224311,کش باف
225033,پزشک عفونی کودکان
225111,پشم سنگ
225500,رنگ نساجی
225696,رنگرزی و چاپ
226063,قالب کفش
226066,تولید قالب کفش
226506,اسفنج
226511,تولید اسفنج و فوم
228203,تولید پتو
228361,ماکارونی
228869,آگهی
228871,پذیرش آگهی
228875,نمایندگی پذیرش آگهی
228877,نمایندگی آگهی
228883,نمایندگی پذیرش آگهی نشریات
229059,پلی استیشن
229061,دستگاه بازی
230073,تعمیر دیزل ژنراتور، ژنراتور و موتور برق
232650,سیستم شناسایی
232652,شناسایی
232654,تجهیزات شناسایی و امنیتی
232664,فروش و تعمیر تجهیزات شناسایی و امنیتی
233151,برنامه نویسی وب
212876,ریسمان
212878,طناب
212880,طناب و ریسمان
213350,درب آکاردئونی
213353,درآکاردئونی
213355,درب کرکره ای
213357,درکرکره ای
213359,در کرکره ای
213361,در آکاردئونی
213363,درب شبکه ای
213365,درشبکه ای
213367,فروش درب آکاردئونی
217264,سازمان بین المللی
218557,ترموکوپل
218561,ترموکوپل گازسوز
218845,کمک فنرسازی
218897,لوله و اتصالات پی. وی. سی
220099,چاپ و تبلیغات
220275,سی دی خام
222162,نرم افزار مالی
225750,تولید پلاستیک
228342,اتوبوس
228348,مینی بوس
228350,کرایه اتوبوس و مینی بوس
228457,چوب بری
228461,تختخواب
228464,خوشخواب
228472,تشک خواب و تختخواب
229893,تجهیزات برق
233530,ادویه
234190,پوشش بتن
234653,نانوتکنولوژی
234874,چسب کاشی
234876,چسب سرامیک
236413,فلزی
236417,نرده
236419,حفاظ فلزی
236421,نرده فلزی
236423,حفاظ استیل
236425,نرده استیل
236427,حفاظ و نرده فلزی
236837,تابلو نقاشی
236906,کفپوش ورزشی
236909,کف پوش ورزشی
237214,وزارت نیرو
238839,حمام
238841,گرمابه
238843,گرمابه عمومی
238845,حمام عمومی
240113,سختکاری
244487,مونتاژ
244489,میکس
244491,میکس و مونتاژ
244721,تولید پنجره دوجداره
244723,پنجره دو جداره
244725,سه جداره
245379,فروش CD خام
246241,فروش و نصب پارکت
249629,تولید، نصب و راه اندازی ماشین آلات نساجی
249956,تولیدآیفون
249963,تولید آیفون تصویری
250307,فروش چسب
250354,درمانگاه تخصصی کاشت مو
250357,اتصالات چدنی
250360,لوله چدنی
250712,احداث راه آهن
250790,گازسوز کردن
250794,گازسوز کردن خودرو
251090,تنظیم موتور
251107,نورگیر
251109,تولید نورگیر
251146,دستکش
251403,دارالترجمه و مترجمین
251480,برزنت
251490,چادر و برزنت
251633,میل لنگ اتومبیل
251790,مددکار
251796,مددکار اجتماعی
251798,امورحمایتی
251825,شرکت چند منظوره
251915,پارچه بافی
252410,تنظیم کننده
252415,دورموتور
252421,تنظیم کننده دور موتور
270168,آلرژی
270170,ایمونولوژی
270263,دکترای ایمونولوژی
270265,متخصص ایمونولوژی
273877,تولید و پخش لوازم ورزشی پزشکی
284771,پراید
285843,شارژباتری
288509,یگان حفاظت از جنگل و مراتع
291459,غلات
296119,تجهیزات کابینت
296121,لوازم کابینت
296123,بازرگانی تجهیزات کابینت
299312,لوازم بیمارستانی
299314,تولید و فروش تجهیزات و لوازم اداری و بیمارستانی
299648,انبارآهن
312108,بادکنک
312847,تنیس باز
333339,نوار pvc
333341,نوار پی.وی.سی
333343,نوار پی.وی.سی (PVC)
345301,هتل آپارتمان
345631,آموزش و توانبخشی کودکان استثنایی
346348,بخاری
346424,تعمیر دیسک و صفحه کلاچ اتومبیل
346901,پمپ مواد شیمیایی
346905,پمپ شیمیایی
347050,آموزش ماشین نویسی
348267,پزشک غدد کودکان
348706,لمینیت
350242,طراحی و ساخت قطعات صنعتی
350248,چرخدنده
350260,قلیان
350262,ذغال
350264,ذغال چوب
350266,فروش قلیان
350378,پانسمان
350381,تزریقات
350387,تزریقات و پانسمان
350506,دمپایی
350509,کفش لاستیکی
351052,آموزش خصوصی
351523,چاپ کاتالوگ
351698,دادگاه و مجتمع قضایی
352618,توزیع نشریات
353207,موسسه حسابداری
353651,تجهیزات آتشنشانی
270736,ابزار طلاسازی
271665,سمنوپزی
272043,گرانول
272045,تولید گرانول
273618,یخ
274593,طراحی و تولید بازی های کامپیوتری
275548,لوازم بهداشتی ساختمان
275702,سیلیس
279972,ضد یخ
279975,ضد یخ و بتن
280465,اداری
282877,گروه نمایش
283228,VOIP
283403,تعمیرات
283549,هوشمندسازی ادارات
284500,بازرگانی تجهیزات مداربسته
284922,بازیگر
284927,گریم
284929,آموزش بازیگری و گریم
285537,تولیدلوازم آشپزخانه
289517,قطعات جلوبندی
289519,قطعات جلوبندی اتومبیل
290426,درب ایمن
290501,دستگاه آسیاب
290503,تجهیزات آسیاب
291995,وزارت علوم، تحقیقات و فن آوری
292239,بازرگانی ماشین اداری
293406,مهندسی شیمی و پتروشیمی
296025,جعبه فلزی
296899,مجسمه
300924,صنایع شیمیایی
300927,رنگسازی
301542,داربست
301753,بازسازی
302852,ورزش رزمی
303011,چیپس
303881,مواداولیه لاستیک
303888,بازرگانی مواد آزمایشگاهی
303890,واردات مواد آزمایشگاهی
303892,واردکننده مواد آزمایشگاهی
303894,ازمایشگاهی
303896,فروش مواد اولیه لاستیک
304756,طراحی و ساخت کارخانجات نفت و پتروشیمی
305181,تولیدگاز
305185,تولید گاز اکسیژن
306274,باتری خارجی
270814,شاسی
270816,شاسی کشی
270818,شاسی کشی اتومبیل
271575,فروش پلی استیشن و دستگاه بازی
274581,چرخ
274585,تولید رینگ چرخ
276205,اسلحه
276207,شکار
276211,لوازم شکار
280561,فرهنگ
281201,میکروفن
281203,هدست
281205,هدفن
281210,هدست، هدفن و/یا میکروفن
285929,شمع اتومبیل
287611,کاموا
287615,کوبلن
287617,کاموا و کلاف
287901,منهول
287909,منهول پلی اتیلن
288124,کارتریج
288134,مواد مصرفی
289025,پرتودرمانی
289037,پزشک پرتودرمانی
289465,تعمیرژنراتور
289800,دیزل ژنراتور
291544,چوب نما
291546,ترموود
302816,فروش گونی
303081,تراشکاری اتومبیل
303340,توزین
303526,گچ
303583,تولیدظروف پلاستیکی
306018,قفل سخت افزاری
306228,بیسکویت
308060,رزرو هتل
308062,بیمه مسافرتی
308116,خاویار
308125,بوقلمون
310600,استریل
310603,بسته‌بندی
310635,پزشک چشم کودکان
311989,پارافین
312194,ذوب
312196,نورد
312198,ذوب و نورد
312487,نشاسته
314465,تولید کولر گازی
314673,تراکم استخوان
314675,سنجش تراکم
271850,دیسک
271856,تولید و فروش دیسک و صفحه کلاچ اتومبیل
273621,وزارت ارتباطات و فن آوری اطلاعات
275742,نقره فروشی
277414,لوازم بسته بندی
277416,تولید لوازم بسته بندی
277778,دکوراسیون اداری
278981,مکاتبه ای
278984,آموزش مکاتبه ای، اینترنتی
279343,تعمیرلیفتراک
279354,کارت بازرگانی
280495,فیبر نوری
282287,خدمات ارتباطی تلفن همراه
284792,کاغذسازی
284804,ورق مقوایی
284810,ورق مقوایی و کارتن
285652,چاپ پلاستیک
286659,جعبه جواهرات
287119,در شبکه ای
287121,تولید درب آکاردئونی
289096,شغلی
289098,راسته
289100,راسته شغلی
289528,پزشک خون و سرطان کودکان
292511,اتصالات و قطعات سیم و کابل
293390,قاب عکس
293392,تخته شاسی
293394,قاب عکس و تخته شاسی
293856,سیبک سازی
298382,شن
298384,ماسه
298392,شن و ماسه
300189,تشتک نوشابه
301290,لوازم دامپزشکی
301292,تجهیزات دامپزشکی
314687,سنجش تراکم استخوان
314818,نان پزی
314820,ماشین آلات نان پزی
315723,دیوارکوب
315766,کشک
316680,پرچم
318290,آزمایشگاه شیمی
318998,قطعات پلاستیک
319154,محیط زیست
319156,هواشناسی
319158,خدمات محیط زیست
320026,بالاست
320339,لوازم یدکی ون
320349,لوازم یدکی کاپرا
320361,لوازم یدکی اصلی
321487,حلیم
321489,حلیم پزی
270026,تولید لاستیک اتومبیل
270302,تولید لوازم خانگی گازسوز
270365,مناطق مخابراتی
270367,منطقه مخابراتی
287690,آب سردکن
287692,سردکن
289282,عناصر
289284,عنصر
289286,شاخص
289288,عناصر شاخص
289290,عنصر شاخص
289292,عناصر شاخص شهر
294470,محوطه سازی
297463,بسته بندی خشکبار
297466,بسته بندی حبوبات
299005,دستگاه برش
322973,تعمیرتجهیزات پزشکی
322979,تعمیرلوازم پزشکی
322982,تعمیر تجهیزات و لوازم پزشکی، جراحی، بیمارستانی
323231,ریخته گری آلومینیوم
324786,مبلمان شهری
324788,مبل شهری
324822,ضدیخ
325245,تولید تلویزیون
325247,تولید لوازم صوتی و تصویری
326314,تولید شیشه دوجداره
326324,پنجره شیشه ای
326327,درب و پنجره شیشه ای
326685,امداد گاز
326702,مهندسی پزشکی
326972,معلولین
326975,آسایشگاه معلولین
327577,طب مکمل
327717,اگزوز اتومبیل
328116,فلاسک
328353,آموزشگاه کامپیوتر
328660,نمای شیشه ای
329556,لوازم هنری
329785,یخچال ویترینی
329789,کندانسور یخچال و فریزر
330255,پیچ ومهره
271024,آهنگری اتومبیل
271641,آموزش زبان فرانسوی
271643,مدرس زبان فرانسوی
276454,خرید و فروش
276456,خرید فروش
276460,مراکز عمومی
276462,مرکز عمومی
276464,مراکز عمومی خرید
276470,مراکز عمومی فروش
276474,خریداتومبیل
276476,خریدخودرو
276478,خرید و فروش اتومبیل
276801,تنش زدایی
276806,تنش زدایی لوله های نفت و گاز
277399,کابل کنترل
277401,کابل کنترل اتومبیل
279291,کفش بچه گانه
279293,کفش بچه
292670,تعمیر دیفرانسیل
292672,تعمیر دیفرانسیل اتومبیل
293690,سوییچ کامپیوتری
294081,تولید و فروش رادیاتور اتومبیل
296382,بازرگانی چسب
296430,طراحی و تولید قطعات الکترونیک
298550,سرویس ماهواره ای
298554,سرویس ماهواره ای اینترنت
332566,لوله کش
334805,کفش طبی
335611,تولیدکامپیوتر
335613,تولید قطعات سخت افزاری کامپیوتر
335970,درب و پنجره یو پی وی سی
336366,بهزیستی
336368,مجتمع خدماتی
337343,لعاب
337345,لعاب و رنگ سرامیک
337479,search engine
337481,وب سایت موتور جستجو
338142,بازرگانی لاستیک و رینگ
338610,برس صنعتی
338991,بیماری های مقعد
339038,استد بولت
340151,سنگ شکن
340164,بیمه ارزان
340169,حسابرس
340171,فرایند بسامان
340445,سیلو
340979,فرقون
304597,کیوسک
304600,کیوسک اینترنت
305700,تولید باسکول و ترازو
307775,پودر سنگ
310475,تولیدموکت
312033,فروش آینه و شمعدان
312466,جک هیدرولیک
312724,ابزار بنایی
313431,دستگاه نوار نقاله
316176,لپ تاب
330333,چهارچوب
337920,قیچی برقی
340986,فرغون
342341,بازرگانی بهداشتی ساختمان
342343,بازرگانی لوازم بهداشتی ساختمان
343550,پزشک پزشکی ژنتیک مولکولی
344444,پستی
344447,مناطق پستی
344936,مالیات
345051,گوینده آگهی و تیزر بازرگانی
354380,ماشین آلات کشاورزی
356033,اندازهگیری
358015,گرافیت
361846,ویدیو پرژکتور
362618,اداره راهنمایی و رانندگی
374028,کالباس بر
374034,ماشین آلات کالباس بر
415418,بستنی ساز
415611,فنر اتومبیل
419426,شیرآلات صنعتی
419906,تجهیزات تصفیه فاضلاب
419909,تجهیزات تصفیه آب
421905,دانه
421907,دانه روغنی
424169,شوتینگ
424177,شوتینگ زباله
425401,آیفن تصویری
427301,تعمیرات لپ تاپ
430859,پمپ اسید
430863,پمپ لاستیک
430865,پمپ سرامیک
432067,فروش پرینتر
432072,نمایندگی اچ پی
432079,نمایندگی hp
362865,نیلینگ
362878,خاکبرداری
364217,تجهیزات پله برقی
364219,قطعات پله برقی
364705,تهران
372184,تولیدی
372411,تعاونی مسکن
381784,تولید فریزر صنعتی
381786,تولید یخچال و فریزر صنعتی
384090,تولید فیلتر خودرو
384904,فروش و شارژ کپسول گاز مایع
385814,تابلوهای کامپیوتری
388499,مهندسی عمران
391892,طراحی وب سایت شرکتی
447949,غواصی
447952,غواص
447954,آموزش غواصی
449367,شارژ کاتریج
452738,آموزش مجازی
453649,پیمانکار نیروگاه
360605,فوتبالیست
360998,صندلی اتومبیل
422667,پلاتر
422669,رسام
422672,پلاتر (رسام)
423588,تجارت الکترونیک
429845,شیرینگ
433810,فروش عمده ظروف یکبار مصرف
435054,ذغال صنعتی
439843,رواندرمانی
439848,روان درمانگر
440562,بازرگانی کارا
440673,باتری سمعک
440675,باتری ساعت
440677,باتری خانگی
440679,باتری های خانگی
440681,باتری سکه ای
440683,باتری قلمی
440685,باتری نیم قلم
451565,نوتبوک
451948,گذرنامه
454370,رستوران غذاهای گیاهی
461281,طراحی سایت پزشکان
462362,تزیینی
462370,آینه تزییناتی
354917,متخصص اورولوژی
356884,فروش شیشه آلات آزمایشگاهی
386103,فروش اسفنج و ابر
390358,تجهیز فروشگاه
390365,فروش یخچال و فریزر صنعتی
394594,بیمارستان کودکان
395847,آهک
398177,لوله خرطومی
403443,ام.آر.آی
407155,طراحی سایت ارزان
368341,مواداولیه ملامین
410436,حلواشکری
410438,تولید حلوا
429405,صید و صیادی
438436,قفسه بندی فروشگاه
442797,تعمیرگاه دوربین
450488,آزمایشگاه تک رشته ای
450501,آزمایشگاه ژنتیک
355225,تولیدکولر
368249,گوگرد
369031,نرم افزارهای آموزشی
369243,ابزار دقیق abb
370909,تعمیرتجهیزات آزمایشگاهی
370913,تعمیرلوازم آزمایشگاهی
370920,تعمیر تجهیزات و لوازم آزمایشگاهی
371712,گرافیک
372962,کلینیک صبا
375069,شرکتهای ساختمانی
376037,سالن پذیرایی
376436,پزشک ارتوپد و جراح استخوان - فوق تخصص ستون فقرات
380232,پارچه تریکو
393667,نرم افزار سفارشی
399557,قالپاق
408709,بیمه اتومبیل
420701,پایانه سفر
421444,طاقه پیچی
366737,برشکاری با آب
366739,واترجت
366741,برش با آب
377205,تعمیر لوازم یدکی ماشین آلات سنگین
382888,نرم افزار گردشگری
383876,پزشک خانواده
383878,دکترخانواده
383882,متخصص پزشکی خانواده
384221,ایزولاسیون
384223,ایزولاسیون صنعتی
392621,تولید آنتن
393912,تولیدلیفتراک
400153,چاپ کاتالوگ بروشور
403930,مشاوره رایگان
406884,تولید تجهیزات شناسایی و امنیتی
411135,نمای چوب
414859,تست جوش
430012,تالارپذیرایی
433969,تسبیح
433971,جانماز
433974,تسبیح فروشی
436394,طلاق
436396,محضر
436398,دفترازدواج
436402,محضرخانه
436404,دفترطلاق
436408,دفتر ثبت ازدواج و طلاق
442062,موسسه آموزشی
455269,ماشینهای اداری
458632,کلینیک تخصصی دندان
360007,نرم افزار و بازی
361211,فندک
361652,اچ پی
363165,رابیس
363565,البسه
363567,اتیکت البسه
364279,رباتیک
364281,ربات
364287,تولید ربات
369003,تست هوش
369008,مشاوره تلفنی
374891,تولیدکابل مخابراتی
418263,خانه معلم و مرکز رفاهی
442209,سوهان
442793,گلاب
446175,دستگاه جوش co2
446703,تولید سطل
465923,تایپیست
468370,اسپیسر
468956,سیم وکابل
469656,شرکت معماری
469660,پیمانکار ساختمان
475906,ردیاب
495283,تولید لوازم استیل
521691,سرکه
592954,کلسیم و فسفات
594359,ثبت اسناد
594364,دفتر ثبت اسناد
594366,ثبت املاک
594370,دفتر ثبت املاک
594372,دفاتر ثبت املاک
594374,ثبت اسناد و املاک
473449,روانشناسی خانواده
485266,فروش تجهیزات نفت و گاز و پتروشیمی
497435,رایتل
499714,قفسه بندی انبار
513789,سیستم اداری
523655,تعمیر پرینتر
523657,لوازم مصرفی
524375,فیلمسازی
524377,فرهنگی هنری
524824,طراحی و ساخت
525290,لوازم یدکی سوناتا
525294,لوازم یدکی توسان
528032,ساندویچ پنل
478575,تابلوهای تبلیغاتی
481034,لاغری
492153,مهمانخانه
492155,مهمانسرا
503646,کلاستر
505611,ترمیم
506223,خدمات فرش
513722,مجتمع آموزشی دولتی
528636,آثارباستانی
464581,چسب کاشی وسرامیک
465631,تولید و پخش روسری و شال
466181,گیاه
466186,پرورش گل و گیاه
472465,ثبت احوال
472471,دفاترثبت احوال
472473,دفترثبت احوال
476220,سوزن منگنه
488964,دست دوم
494330,رگلاتور گاز مایع
515673,تولید کننده
519855,ابزارآلات صنعتی
519865,ابزارآلات بادی
519869,ابزار باغبانی
526940,دوربین مداربسته تهران
529732,بیمه بدنه
537800,قطعات خودرو
539141,عیب یابی
539143,خودرو انژکتوری
539145,طراحی و تولید عیب یاب خودرو انژکتوری
540973,وب سایت خبری
543297,اتاق اتومبیل
543557,راه اندازی سیسکو
546982,ادارات و سازمان های ناجا
547497,دکوراسیون آرتیمان
550546,نهادها، سازمان ها و موسسات تابعه قوه مقننه
472693,فویل
472695,کاغذ آلومینیوم
472698,فویل آلومینیوم
476014,ترخیص کار
477947,ویدوِیو پروژکتور
478553,فروش، نصب و تعمیر کولر گازی
496551,کابین
552971,ورزشکار
553370,نرم افزار مطب
553376,نرم افزار پزشکی
553378,نرم افزار درمانی
562684,برنزکار
570668,کشمش
489186,فروش مواد صنعتی
505186,دوده صنعتی
506105,در شیشه ای
506107,درب شیشه ای
506109,درشیشه ای
507214,پولیش
507216,واکس
507218,واکس و پولیش
519211,باند
519213,باند طبی
522878,عایقکاری
529875,آموزش طراحی
531913,زندان
533707,مجتمع آموزشی پسرانه دولتی
555912,بیمارستان چشم پزشکی
585908,پنکه
603843,حمل بار
666800,نورد مس
667124,مجسمه ساز
672355,تعمیرظروف تفلون
600373,سینی کابل
600375,نردبان کابل
600377,تراکینگ کابل
600380,سینی کابل و نردبان کابل و تراکینگ کابل
701873,لوازم تحریر
727037,صوتی تصویری
691759,مسواک
727774,نرم افزار حسابداری خوب
732326,سیمکارت
711022,یگان حفاظت از محیط زیست
723376,تکواندو کار
747713,تجهیزات آزمایشگاه خاک
749576,شرکت تاسیساتی
600855,آکواریوم
600859,آکواریم و ماهی
622828,سبزی خردکنی
622841,آبلیموگیری و آبغوره گیری
622843,آبلیموگیری و سبزی خردکنی
622845,آبغوره گیری و سبزی خردکنی
622848,آبلیمو و آبغوره گیری و سبزی خردکنی
698970,فروش ظروف روی
699977,اشتراک گذاری فایل
715793,مولتی لایر
729643,شرکت مسافرتی
734739,نرم افزار هلو
735158,دفتر ازدواج و طلاق
759121,نمایندگی رسمی
629706,قیچی آهن بر
656638,سویا
661247,خمیرمایه
680946,چاپگر صنعتی
688868,دوربین مدار بسته شرق
711153,تعمیرماشین حساب
634542,تولید شیرآلات صنعتی
653799,هیوندا
692489,تهیه غذا (کیترینگ) انا
694054,پلمپ
612143,فروش لوازم الکتریکی
612641,لوله اتصالات
633481,باسکول داری
650491,هدایا تبلیغاتی
693693,پرداخت ارزی
706114,روغن صنعت
764872,پشتبانی شبکه
778069,نمایشگر
778071,تصویر
882622,یگان حفاظت از زندان ها
771570,تولید اتو صنعتی
785441,تعمیرکار
827272,مشاوره و خدمات بهداشتی درمانی
830856,افزودنی شیمیایی بتن
830858,بتن خاص
854785,سنگ ساختمان
855127,نصب کاشی و سرامیک
780593,انبار چوب
817670,جواهرسازی
862597,تجهیزات نیروگاهی
862617,تجهیزات کارخانجات
866065,آرایشگاه زنانه
873566,تولید کولر اتومبیل
767440,انبار کفش
796904,تعمیر لولا
806791,نمایندگی موتورولا
806809,تعمیرگاه مجاز موتورولا
809680,دکوراتیو
830554,اتصالا
879845,مشارکت ساخت
793171,بستنی سنتی
829253,دندانسازی هجری
885483,حسابداری حسابرسی
774512,تعاونی مهر
817409,پاک کننده LCD
822207,مشاور مدیریت
822214,مشاور مالی
829670,چکمه و پوتین
864167,مهندسین مشاور آرامش
763340,بیمه عمر
773133,لوازم صنعتی
788910,وکیل پایه یک دادگستری
810564,بیمه حوادث
815018,دفاترمرجع تقلید
815020,دفترمرجع تقلید
815022,مراجع تقلید
825971,فرفوژه
828224,جوانسازی
889397,بردهای الکترونیکی
897506,آموزش آواز
920717,تولید و پخش لباس زنانه
930799,قوطی پپسی
932804,وزارت مسکن و شهرسازی
932809,سقف عرشه فولادی(mcd)
937331,ایرانیان
951756,سیم پیچ
1006480,فروش سیم وکابل
958103,پلاستیک بینی
981327,چاپ چاپ تبلیغات
920416,آب بندی
933788,دندانپزشک کودکان
957377,آپاران
970622,رنگ آمیزی کشتی
985536,لوله و اتصالات استیل
990208,باربد
999339,مواد شیمیایی هندی
915634,نمایندگی هاست
937398,تمبر
937400,تمبرفروشی
919433,ابزار دستی
986655,سوناتا
993379,بازرگانی پرشین تولز
1002850,نوارعصب عضله
1004124,بیمه مسافرین
1009165,پلاستر
1010189,خرید اینترنتی گل
918490,درب ضدسرقت
1011279,انتقال خون
1011282,پایگاه انتقال خون
1015024,فروش عمده لوازم آرایشی
1019651,تعمیر ماشین شارژی
1024321,قطعات موتوری
1031770,مشاوره بازاریابی
918033,تولید خطر
1030019,منسوج نبافته
970771,رهبری
973349,مقاوم سازی بتن
976569,لوازم آرایش
976577,محصولات آرایشی مک
1002125,مشاوره کاریابی
1017325,تابلو برق فشارقوی ضعیف
1037289,لوازم یدکی پروتون
1060145,لوازم جانبی تبلت
1072437,تولید وپخش کوک
1101853,کاغذ صافی
1110107,آموزش فروش
1118028,پاراپینک
1123993,هدایای تبلیغاتی خاص
1142036,واردات صادرات
1181827,آهنگساز
1182836,کاغذ حرارتی
1131613,کابینت راش
1139027,صندلی منشی
1192393,فروشگاه لوازم خانگی
1050345,درمانگاه تخصصی دندانپزشکی
1055875,پاکسازی
1127998,دولت اکترنیک
1056742,آموزش قالیبافی
1182437,پینت بال
1184627,دوربین های مداربسته
1184739,حسینی
1194259,دستگاه تصفیه روغن
1059035,تولید حصیر پلاستیکی
1060234,گیوه
1060249,تولید پالت پلاستیکی
1061491,آموزش ورزشی
1071614,فروش باتری
1071618,فروش hp
1078840,میز تلوزیون
1082125,الکتریک
1082134,الکترو
1082138,تهرانی
1175246,تزئینی
1088303,برق ساختمان
1090181,روانشناسی تربیتی
1101838,اتصالات جوشی
1133409,خدمات مترو
1145192,طراح گرافیک
1179185,فروش مواد شیمیایی مرک
1181048,ماشین سازی
1224457,اوزون درمانی
1204814,کاکائو
165115,فروش عتیقه جات و اشیا قدیمی
165140,آجر
165147,عایق ساختمان
165178,گلفروشی
164729,فروش پمپ
1205474,مخترع
